FEMALE,AGE,YRS_CLIMBING,START_AGE,PARENTS,HEIGHT,APEINDEX,WEIGHT,BMI,OCC_STUDY,OCC_PART,OCC_FULL,OCC_BOTH,OCC_NEITHER,C_NA,C_CSA,C_EU,C_AS,C_AF,C_OCE,TRAVEL,VACATIONS,INDOOR,OUTDOOR,INOUTDOOR,SPORT,BOULDER,BOUL_SPORT,OTHERSPORT,WHY_FUN,WHY_HEALTH,WHY_SOCIAL,WHY_COMP,WHY_PLACES,WHY_CHALLENGE,CLIMBDAYS,INDOORDAYS,TRAINDAYS,TRAINPCT,TOTALTRAIN,TRAINLENGTH,TRAIN_NA,TRAIN_COACH,TRAIN_BOOK,TRAIN_SELF,TRAIN_RANDOM,TRAIN_CLIMB,FAC_BOULDER,FAC_LEAD,FAC_TOP,FAC_AUTO,FAC_BOARDS,FAC_MOON,FAC_GYM,IN_NA,IN_OUT,IN_IN,FOCUS_FINGER,FOCUS_FOOT,FOCUS_CORE,FOCUS_END,FOCUS_POW,FOCUS_SEQ,FOCUS_DIFF,FOCUS_CARDIO,FOCUS_FLEX,FOCUS_EXPLO,SHOEFIT,DIET_NO,DIET_FISH,DIET_VEGETARIAN,DIET_VEGAN,DIET_OTHER,PREB_WARM,PREB_EASY,PREB_HARD,PRES_WARM,PRES_EASY,PRES_HARD,PROJ_ONSIGHT,PROJ_HOLDS,PROJ_REST,PROJ_TOP,ROUTEQTY,ATTEMPTS,BESTGO,PROJECTING,B_INFLASH,B_INREDP,B_OUTFLASH,B_OUTREDP,B_FLASHCONF,B_SENDCOF,B_AVG,B_INPOTENTIAL,B_OUTPOTENTIAL,S_FLASH,S_REDP,S_FLASHCONF,S_FINISHCONF,S_AVG,S_FPOTENTIAL,S_MPOTENTIAL,S_INCONSISTENCY
1,27,3.0,24.0,1,163.0,0,52.0,19.571681282697877,0,0,1,0,0,0,0,0,1,0,0,3,1,0,0,1,1,0,0,0,1,1,1,0,1,1,3,2,0,0.0,0.0,0.0,1,0,0,0,0,0,1,1,1,0,1,1,0,0,1,0,1,0,0,1,0,1,1,0,0,0,2,1,0,0,0,0,0,1,0,0,1,0,0,0,0,1,8,1,1.0,2,3.0,3.0,1.0,1.0,0.0,0.0,1.3333333333333333,0.0,0.0,3.0,5.0,1.0,3.0,3.0,2.0,-2.0,2.0
0,30,8.0,22.0,0,178.0,-1,67.0,21.146319909102388,0,0,1,0,0,0,0,0,1,0,0,6,2,0,1,0,1,0,0,1,1,1,1,0,1,1,4,2,1,0.5,1.5,1.5,0,0,0,1,0,0,1,0,0,0,1,1,1,0,1,0,1,0,0,1,0,1,1,0,0,0,2,0,0,0,0,1,0,1,0,0,1,0,1,0,0,0,5,5,3.0,2,4.0,5.0,3.0,4.0,2.0,3.0,3.5,1.0,1.0,7.0,9.0,3.0,9.0,7.0,2.0,0.0,4.0
0,28,5.0,23.0,0,180.0,0,67.0,20.679012345679013,0,0,1,0,0,0,0,0,1,0,0,1,1,0,0,1,0,0,1,1,0,0,0,0,1,0,2,1,1,1.0,2.5,2.5,0,0,0,0,1,0,1,1,1,1,1,1,0,0,1,0,1,1,0,1,1,0,0,1,0,0,3,1,0,0,0,0,1,0,0,1,0,0,1,0,0,0,4,3,2.0,1,4.0,6.0,2.0,3.0,2.0,3.0,3.333333333333333,2.0,1.0,5.0,7.0,1.0,3.0,4.0,2.0,-4.0,4.0
1,27,1.0,26.0,0,162.0,0,57.0,21.719250114311837,0,0,1,0,0,0,0,0,1,0,0,2,1,0,0,1,0,1,0,1,1,1,0,0,0,0,2,1,1,1.0,2.5,2.5,0,0,0,0,0,1,1,0,0,0,1,0,1,0,1,0,1,1,0,0,0,0,1,0,0,1,2,1,0,0,0,0,1,0,0,1,0,0,0,1,0,0,0,1,2.0,2,3.0,4.0,2.0,3.0,2.0,3.0,2.833333333333333,1.0,1.0,0.0,0.0,0.0,0.0,0.0,0.0,0.0,0.0
0,30,1.5,28.5,0,173.0,-4,68.0,22.720438370810925,0,0,1,0,0,0,0,0,1,0,0,6,1,0,0,1,0,0,1,0,1,0,0,0,0,1,3,2,2,1.0,3.0,1.5,0,0,0,1,0,0,0,0,0,0,1,1,1,0,1,0,1,0,0,1,1,1,0,0,0,1,2,1,0,0,0,0,0,1,0,0,1,0,0,0,0,1,2,3,3.0,2,3.0,4.0,1.0,3.0,2.0,3.0,2.6666666666666665,1.0,2.0,1.0,7.0,1.0,7.0,4.0,6.0,0.0,0.0
1,24,2.0,22.0,0,170.0,0,63.0,21.799307958477513,1,0,0,0,0,1,0,0,0,0,0,2,1,0,0,1,0,1,0,1,1,0,1,0,0,1,4,3,3,1.0,7.5,2.5,0,0,0,0,0,1,1,0,0,0,1,0,1,0,1,0,1,1,0,0,0,0,1,0,0,1,2,1,0,0,0,0,0,1,0,0,1,0,0,1,0,0,4,5,3.0,2,4.0,5.0,2.0,3.0,3.0,4.0,3.5,1.0,1.0,0.0,1.0,0.0,1.0,0.5,1.0,0.0,0.0
1,25,4.0,21.0,0,166.0,0,53.0,19.233560749020175,0,1,0,0,0,0,0,0,0,0,1,3,1,1,0,0,0,1,0,1,1,1,0,0,1,1,2,2,1,0.5,1.5,1.5,0,0,0,0,0,1,1,0,0,0,1,1,1,0,1,0,0,1,0,0,1,0,1,0,1,0,2,1,0,0,0,0,1,0,0,1,0,0,1,0,0,0,0,2,2.0,0,2.0,4.0,0.0,0.0,2.0,2.0,1.6666666666666667,2.0,0.0,0.0,0.0,0.0,0.0,0.0,0.0,0.0,0.0
1,26,1.0,25.0,0,163.0,-9,61.0,22.959087658549443,0,0,1,0,0,0,0,0,1,0,0,20,1,0,1,0,1,0,0,1,1,1,0,0,0,0,2,0,0,0.0,0.0,0.0,1,0,0,0,0,0,0,0,0,0,0,0,0,0,1,0,1,1,0,0,1,1,1,0,0,0,2,0,0,1,0,0,0,1,0,0,1,0,0,0,0,1,4,2,1.0,0,3.0,4.0,0.0,0.0,2.0,2.0,1.8333333333333333,1.0,0.0,3.0,5.0,3.0,8.0,4.75,2.0,3.0,0.0
1,32,6.0,26.0,0,155.0,1,40.0,16.649323621227886,1,0,0,1,0,0,0,0,1,0,0,6,3,0,0,1,0,1,0,0,1,0,0,0,0,0,5,4,2,0.5,1.0,0.5,0,0,0,1,0,0,1,1,0,0,0,0,0,0,0,1,1,1,0,1,0,0,0,1,0,0,0,1,0,0,0,0,0,0,1,0,0,1,1,0,0,0,4,2,1.0,1,5.0,6.0,5.0,5.0,4.0,4.0,4.833333333333333,1.0,0.0,7.0,7.0,5.0,6.0,6.25,0.0,-1.0,2.0
0,25,4.0,21.0,0,168.0,0,64.0,22.67573696145125,1,0,0,0,0,1,0,0,0,0,0,3,2,0,1,0,1,0,0,1,1,0,0,0,1,0,5,3,3,1.0,7.5,2.5,0,0,1,0,0,0,1,1,0,0,1,1,1,0,1,0,0,1,0,1,1,0,0,0,0,1,2,0,0,0,0,1,1,0,0,1,0,0,0,0,1,0,5,5,3.0,1,5.0,7.0,4.0,6.0,3.0,6.0,5.166666666666667,2.0,2.0,9.0,14.0,8.0,15.0,11.5,5.0,1.0,1.0
0,23,3.0,20.0,0,180.0,0,70.0,21.604938271604933,0,0,1,0,0,1,0,0,0,0,0,0,0,1,0,0,0,0,1,1,1,1,1,0,1,0,3,3,3,1.0,4.5,1.5,0,0,0,0,0,1,0,0,1,0,1,0,0,0,0,1,1,1,0,1,1,0,0,0,1,0,2,1,0,0,0,0,1,0,0,1,0,0,0,0,1,0,3,2,2.0,0,4.0,6.0,2.0,3.0,4.0,5.0,4.0,2.0,1.0,2.0,8.0,1.0,3.0,3.5,6.0,-5.0,1.0
1,19,1.5,17.5,0,163.0,7,56.0,21.0771952275208,1,0,0,0,0,0,1,0,0,0,0,2,3,0,0,1,0,0,1,0,1,0,0,0,0,1,6,4,4,1.0,10.0,2.5,0,1,0,0,0,0,1,0,0,0,1,0,1,0,0,1,1,1,0,1,1,0,0,1,0,0,2,1,0,0,0,0,0,1,0,0,1,0,1,0,0,0,3,1,2.0,1,5.0,7.0,2.0,6.0,4.0,6.0,5.0,2.0,4.0,0.0,0.0,0.0,0.0,0.0,0.0,0.0,0.0
0,20,4.0,16.0,0,173.0,0,65.0,21.718066089745733,1,0,0,1,0,0,1,0,0,0,0,20,2,1,0,0,0,1,0,0,0,0,0,0,0,1,3,1,0,0.0,0.0,0.0,1,0,0,0,0,0,1,0,0,0,0,1,0,0,0,1,1,0,0,0,1,1,1,0,0,1,1,1,0,0,0,0,0,1,0,1,0,0,0,0,1,0,3,2,1.0,2,6.0,7.0,4.0,4.0,5.0,6.0,5.333333333333333,1.0,0.0,9.0,12.0,8.0,12.0,10.25,3.0,0.0,1.0
0,24,2.0,22.0,0,174.0,0,67.0,22.12973972783723,1,0,0,1,0,0,1,0,0,0,0,20,1,0,0,1,1,0,0,1,1,1,0,0,0,1,2,1,1,1.0,1.5,1.5,0,0,0,0,1,0,0,0,1,0,0,0,0,0,1,0,1,0,0,1,1,0,1,0,0,1,1,0,0,0,0,1,1,0,0,1,0,0,0,0,1,0,5,1,1.0,0,3.0,3.0,3.0,5.0,3.0,5.0,3.6666666666666665,0.0,2.0,1.0,3.0,1.0,2.0,1.75,2.0,-1.0,0.0
0,34,10.0,24.0,0,175.0,5,72.0,23.510204081632647,0,0,1,0,0,0,0,0,1,0,0,2,1,0,0,1,0,0,1,1,1,1,1,0,1,1,3,2,2,1.0,3.0,1.5,0,0,0,1,0,0,1,0,0,0,1,1,0,0,1,0,1,1,0,0,1,1,1,0,0,0,2,1,0,0,0,0,0,1,0,0,1,0,0,1,0,0,2,3,4.0,2,7.0,9.0,7.0,10.0,6.0,7.0,7.666666666666668,2.0,3.0,10.0,17.0,7.0,12.0,11.5,7.0,-5.0,3.0
1,29,4.0,25.0,0,168.0,-5,53.0,18.778344671201822,0,0,1,0,0,0,0,1,0,0,0,6,1,1,0,0,0,1,0,1,1,1,1,0,0,0,2,2,0,0.0,0.0,0.5,0,0,0,0,1,0,1,0,0,0,1,1,1,0,0,1,1,0,0,0,1,0,1,0,0,1,2,0,1,1,0,0,1,0,0,1,0,0,0,0,0,1,5,3,2.0,0,5.0,6.0,0.0,0.0,4.0,5.0,3.333333333333333,1.0,0.0,5.0,7.0,4.0,8.0,6.0,2.0,1.0,1.0
0,23,3.0,20.0,0,185.0,5,68.0,19.868517165814463,0,0,1,0,0,0,0,0,0,0,1,6,2,0,1,0,1,0,0,0,1,0,1,0,1,1,3,2,2,1.0,3.0,1.5,0,0,1,0,0,0,1,0,0,0,1,0,1,0,1,0,1,1,0,0,1,1,0,0,0,0,2,1,0,0,0,0,0,1,0,0,1,0,0,0,1,0,4,3,2.0,2,6.0,10.0,4.0,9.0,4.0,8.0,6.833333333333332,4.0,5.0,12.0,16.0,11.0,17.0,14.0,4.0,1.0,1.0
0,36,12.0,24.0,0,178.0,7,75.0,23.67125362959223,0,0,1,0,0,1,0,0,0,0,0,6,0,0,0,1,0,0,1,0,1,1,1,0,1,1,4,2,2,1.0,5.0,2.5,0,0,1,0,0,0,1,1,1,1,1,1,1,0,1,0,1,0,0,1,1,0,0,0,0,1,2,0,0,0,0,1,0,1,0,0,1,0,1,0,0,0,15,5,2.5,1,9.0,10.0,6.0,8.0,6.0,8.0,7.833333333333332,1.0,2.0,9.0,12.0,8.0,14.0,10.75,3.0,2.0,1.0
0,22,2.0,20.0,0,181.0,10,73.0,22.28259210646805,1,0,0,0,0,1,0,0,0,0,0,0,2,0,1,0,1,0,0,1,1,1,0,0,1,1,4,3,3,1.0,4.5,1.5,0,1,0,0,0,0,0,1,0,0,1,0,1,0,1,0,1,0,0,1,1,0,0,0,0,1,2,1,0,0,0,0,0,1,0,0,1,0,0,0,0,1,3,2,2.0,2,4.0,5.0,2.0,3.0,3.0,5.0,3.6666666666666665,1.0,1.0,8.0,14.0,7.0,11.0,10.0,6.0,-3.0,1.0
1,29,3.0,26.0,0,163.0,0,55.0,20.70081674131507,0,0,1,0,0,1,0,0,0,0,0,3,2,0,0,1,0,0,1,1,1,0,1,0,0,0,2,2,0,0.0,0.0,2.5,0,0,0,0,0,1,1,0,0,0,1,1,1,0,1,0,1,0,0,0,1,0,0,0,1,1,3,0,0,1,0,0,1,0,0,1,0,0,0,0,0,1,5,3,2.5,0,2.0,3.0,1.0,2.0,1.0,3.0,2.0,1.0,1.0,5.0,8.0,5.0,9.0,6.75,3.0,1.0,0.0
0,24,1.5,22.5,1,180.0,0,71.0,21.913580246913575,0,0,1,0,0,1,0,0,0,0,0,2,1,0,1,0,1,0,0,1,1,0,0,0,0,0,4,3,3,1.0,4.5,1.5,0,0,0,1,0,0,0,1,0,0,0,0,0,0,1,0,0,1,0,1,0,0,1,0,1,0,2,0,1,1,0,0,1,0,0,1,0,0,1,0,0,0,4,1,2.0,1,3.0,4.0,1.0,2.0,2.0,2.0,2.333333333333333,1.0,1.0,8.0,8.0,5.0,7.0,7.0,0.0,-1.0,3.0
0,27,8.0,19.0,0,167.0,0,72.0,25.816630212628635,1,0,0,0,0,0,1,0,0,0,0,20,1,0,0,1,0,1,0,1,1,1,1,0,1,1,2,1,2,2.0,5.0,2.5,0,0,0,0,1,0,1,1,0,0,1,0,0,0,0,1,1,1,0,0,1,1,1,0,0,0,0,1,0,0,0,0,1,0,0,1,0,0,0,1,0,0,4,2,3.0,2,5.0,8.0,4.0,7.0,3.0,4.0,5.166666666666667,3.0,3.0,0.0,0.0,0.0,0.0,0.0,0.0,0.0,0.0
1,33,5.0,28.0,0,168.0,0,60.0,21.258503401360546,0,1,0,0,0,0,0,1,0,0,0,3,2,0,0,1,1,0,0,1,1,0,1,0,1,1,2,1,0,0.0,0.0,0.5,0,0,0,0,1,0,0,0,0,0,0,0,0,0,1,0,0,0,0,1,0,1,1,0,1,0,1,0,1,1,0,0,0,1,0,0,1,0,0,0,1,0,10,3,2.5,1,0.0,0.0,0.0,0.0,0.0,0.0,0.0,0.0,0.0,2.0,8.0,0.0,3.0,3.25,6.0,-5.0,2.0
0,25,2.0,23.0,0,180.0,1,68.0,20.987654320987648,0,1,0,0,0,0,1,0,0,0,0,3,2,0,1,0,1,0,0,0,0,0,0,0,1,0,1,0,0,0.0,0.0,0.0,1,0,0,0,0,0,0,0,0,0,0,0,0,1,0,0,0,1,0,1,1,0,1,0,1,0,1,1,0,0,0,0,0,1,0,0,1,0,1,0,0,0,7,3,1.0,1,4.0,5.0,3.0,4.0,3.0,4.0,3.8333333333333335,1.0,1.0,4.0,6.0,3.0,7.0,5.0,2.0,1.0,1.0
0,27,6.0,21.0,0,166.0,9,50.0,18.144868631151112,0,0,1,0,0,1,0,0,0,0,0,2,3,0,1,0,1,0,0,0,1,1,1,0,1,1,2,0,0,0.0,0.0,0.0,1,0,0,0,0,0,0,0,0,0,0,0,0,1,0,0,1,0,0,1,1,1,1,0,0,0,1,1,0,0,0,0,0,1,0,0,1,0,1,0,0,0,5,1,3.0,0,5.0,9.0,4.0,8.0,3.0,6.0,5.833333333333332,4.0,4.0,12.0,12.0,9.0,11.0,11.0,0.0,-1.0,3.0
0,31,10.0,21.0,0,167.0,0,64.0,22.948115744558788,0,0,1,0,0,1,0,0,0,0,0,3,2,0,0,1,0,0,1,1,1,1,1,0,1,1,3,2,1,0.5,1.5,1.5,0,0,0,0,1,0,1,0,0,0,1,0,1,0,1,0,0,1,0,1,0,1,0,1,1,0,2,1,0,0,0,0,0,1,0,0,1,0,0,0,1,0,3,2,2.0,1,2.0,4.0,2.0,3.0,2.0,2.0,2.5,2.0,1.0,3.0,6.0,2.0,7.0,4.5,3.0,1.0,1.0
0,26,3.0,23.0,0,188.0,2,81.0,22.91760977818017,0,0,1,0,0,1,0,0,0,0,0,1,2,0,0,1,1,0,0,1,1,1,1,0,1,1,3,3,3,1.0,7.5,2.5,0,0,0,1,0,0,1,1,1,0,1,0,1,0,1,0,1,0,0,1,0,1,1,0,0,0,0,1,0,0,0,0,0,1,0,0,1,0,1,0,0,0,6,5,2.5,0,4.0,4.0,0.0,0.0,3.0,3.0,2.333333333333333,0.0,0.0,8.0,8.0,4.0,4.0,6.0,0.0,-4.0,4.0
1,22,3.0,19.0,0,167.0,0,52.0,18.64534404245401,1,0,0,0,0,1,0,0,0,0,0,1,1,0,0,1,1,0,0,0,1,0,0,0,1,1,2,2,2,1.0,3.0,1.5,0,1,0,0,0,0,1,1,1,0,1,0,0,0,1,0,1,0,1,0,1,0,1,0,1,0,2,1,0,0,0,0,0,1,0,0,1,0,0,0,0,1,5,2,2.0,1,9.0,10.0,9.0,10.0,8.0,9.0,9.166666666666666,1.0,1.0,3.0,6.0,1.0,2.0,3.0,3.0,-4.0,2.0
0,48,3.0,45.0,0,187.0,0,73.0,20.87563270325145,0,0,1,0,0,0,0,1,0,0,0,1,1,0,0,1,1,0,0,1,1,1,1,0,1,0,2,1,2,2.0,3.0,1.5,0,0,0,1,0,0,1,1,1,0,1,0,1,0,1,0,1,0,1,1,1,0,0,1,0,0,3,1,0,0,0,0,1,0,0,1,0,0,0,0,0,1,8,2,1.0,0,0.0,0.0,0.0,0.0,0.0,0.0,0.0,0.0,0.0,3.0,5.0,1.0,3.0,3.0,2.0,-2.0,2.0
1,27,8.0,19.0,0,174.0,0,63.0,20.808561236623067,0,0,1,0,0,0,0,1,0,0,0,3,1,0,1,0,1,0,0,1,1,0,1,0,1,1,3,2,2,1.0,5.0,2.5,0,0,0,0,0,1,1,1,1,1,1,0,1,0,1,0,0,1,1,0,1,1,1,0,0,0,2,0,0,1,0,0,0,1,0,0,1,0,0,0,1,0,6,3,4.0,1,2.0,3.0,2.0,3.0,2.0,3.0,2.5,1.0,1.0,4.0,10.0,3.0,7.0,6.0,6.0,-3.0,1.0
1,29,3.5,25.5,0,162.0,1,54.0,20.576131687242796,1,0,0,1,0,0,0,1,0,0,0,6,2,0,1,0,1,0,0,0,1,0,1,0,0,1,5,3,3,1.0,7.5,2.5,0,1,0,0,0,0,1,1,1,1,1,0,0,0,1,0,1,0,0,1,1,0,0,0,0,1,3,1,0,0,0,0,1,0,0,0,1,0,0,0,1,0,4,3,2.0,2,6.0,6.0,3.0,4.0,3.0,4.0,4.333333333333333,0.0,1.0,9.0,13.0,6.0,11.0,9.75,4.0,-2.0,3.0
0,40,24.0,16.0,0,175.0,0,70.0,22.857142857142854,0,0,1,0,0,0,0,1,0,0,0,2,2,0,1,0,1,0,0,1,1,1,1,0,1,1,2,1,1,1.0,0.5,0.5,0,0,0,0,1,0,1,0,0,0,0,1,0,0,1,0,0,1,1,0,1,0,0,0,1,1,2,0,1,1,0,0,0,1,0,1,0,0,1,0,0,0,5,3,2.0,2,0.0,0.0,0.0,0.0,0.0,0.0,0.0,0.0,0.0,7.0,10.0,6.0,9.0,8.0,3.0,-1.0,1.0
0,25,7.0,18.0,0,170.0,0,70.0,24.22145328719723,0,1,0,0,0,1,0,0,0,0,0,20,3,0,1,0,0,1,0,0,1,1,1,1,1,1,3,0,0,0.0,0.0,0.0,1,0,0,0,0,0,1,0,0,0,0,0,0,1,0,0,1,0,0,1,1,0,0,0,1,1,3,1,0,0,0,0,0,1,0,0,1,0,0,1,0,0,10,3,2.0,2,6.0,9.0,5.0,8.0,4.0,5.0,6.166666666666668,3.0,3.0,5.0,12.0,5.0,11.0,8.25,7.0,-1.0,0.0
0,20,3.0,17.0,0,170.0,3,66.0,22.837370242214536,1,0,0,0,0,1,0,0,0,0,0,6,2,0,0,1,1,0,0,1,1,1,1,1,1,1,3,3,3,1.0,7.5,2.5,0,0,0,0,1,0,1,1,1,1,1,1,1,0,1,0,1,0,0,0,1,1,0,1,0,1,2,1,0,0,0,0,0,1,0,0,1,0,1,0,0,0,4,2,1.0,1,6.0,8.0,5.0,7.0,5.0,7.0,6.333333333333332,2.0,2.0,11.0,14.0,10.0,15.0,12.5,3.0,1.0,1.0
1,26,5.0,21.0,0,158.0,0,58.0,23.233456176894727,0,0,1,0,0,0,1,0,0,0,0,0,0,0,0,1,0,0,1,1,1,0,1,0,1,1,3,2,1,0.5,2.5,2.5,0,0,0,0,1,0,1,0,0,0,1,0,0,0,1,0,0,0,1,1,1,1,1,0,0,0,1,1,0,0,0,0,1,0,0,1,0,0,0,0,0,1,3,2,2.5,0,3.0,5.0,2.0,3.0,2.0,4.0,3.1666666666666665,2.0,1.0,6.0,7.0,3.0,5.0,5.25,1.0,-2.0,3.0
1,51,13.0,38.0,0,157.0,-1,59.0,23.93606231490121,0,0,1,0,0,1,0,0,0,0,0,2,1,1,0,0,1,0,0,1,0,0,0,0,1,1,3,3,1,0.3333333333333333,1.5,1.5,0,0,0,1,0,0,1,1,1,1,1,1,1,0,0,1,0,1,0,1,1,1,1,0,0,0,1,0,0,0,1,0,0,1,0,0,1,0,0,0,0,1,8,3,3.0,0,4.0,5.0,3.0,4.0,4.0,4.0,4.0,1.0,1.0,11.0,12.0,9.0,10.0,10.5,1.0,-2.0,2.0
1,31,7.0,24.0,0,161.0,5,61.0,23.53304270668569,0,0,1,0,0,1,0,0,0,0,0,1,2,0,0,1,1,0,0,1,1,1,1,0,1,1,3,3,0,0.0,0.0,0.0,0,0,0,0,0,1,0,1,0,0,0,0,0,0,1,0,0,1,0,1,1,0,1,0,1,0,1,1,0,0,0,0,1,0,0,1,0,0,0,0,1,0,7,2,2.0,1,2.0,2.0,2.0,3.0,2.0,2.0,2.1666666666666665,0.0,1.0,6.0,9.0,5.0,9.0,7.25,3.0,0.0,1.0
0,35,14.0,21.0,0,183.0,0,70.0,20.902385858042933,0,0,0,0,1,0,0,1,0,0,0,6,3,0,1,0,1,0,0,1,1,0,0,0,0,0,4,0,0,0.0,0.0,0.5,0,0,0,1,0,0,0,0,0,0,0,0,0,1,0,0,1,0,1,1,1,0,0,0,0,1,3,1,0,0,0,0,1,0,0,1,0,0,0,0,1,0,6,3,2.0,2,8.0,10.0,8.0,11.0,6.0,8.0,8.5,2.0,3.0,15.0,18.0,12.0,16.0,15.25,3.0,-2.0,3.0
0,24,2.0,22.0,0,188.0,10,74.0,20.937075599818925,1,0,0,1,0,0,0,0,0,0,1,1,1,1,0,0,0,1,0,1,1,1,1,1,0,1,5,5,2,0.4,3.0,1.5,0,0,0,1,0,0,1,0,0,0,0,0,1,0,0,1,0,0,1,0,1,1,0,0,1,1,2,1,0,0,0,0,1,0,0,1,0,0,1,0,0,0,20,1,2.5,0,7.0,8.0,1.0,2.0,6.0,7.0,5.166666666666667,1.0,1.0,9.0,11.0,9.0,12.0,10.25,2.0,1.0,0.0
0,22,3.0,19.0,0,168.0,0,62.0,21.967120181405896,1,0,0,0,0,0,0,1,0,0,0,0,1,0,0,1,0,1,0,0,0,0,1,0,0,0,2,2,1,0.5,4.0,4.0,0,0,0,0,0,1,1,1,1,1,1,0,0,0,1,0,1,1,0,1,0,0,1,1,0,0,2,1,0,0,0,0,0,1,0,0,1,0,0,0,1,0,6,1,2.0,1,2.0,3.0,0.0,1.0,1.0,3.0,1.6666666666666667,1.0,1.0,7.0,8.0,7.0,8.0,7.5,1.0,0.0,0.0
1,19,7.0,12.0,0,165.0,0,68.0,24.977043158861342,1,0,0,1,0,0,0,1,0,0,0,0,1,1,0,0,1,0,0,0,1,1,0,0,0,1,2,2,2,1.0,1.0,0.5,0,0,0,1,0,0,1,1,0,1,1,0,1,0,0,1,0,1,1,0,0,0,1,0,1,1,2,0,1,1,0,0,1,0,0,1,0,0,0,0,0,1,5,3,3.0,2,1.0,2.0,0.0,0.0,0.0,2.0,0.8333333333333334,1.0,0.0,6.0,7.0,3.0,6.0,5.5,1.0,-1.0,3.0
0,26,6.0,20.0,0,179.0,6,73.0,22.78330888549047,0,0,1,0,0,0,0,1,0,0,0,20,1,1,0,0,0,1,0,1,1,1,1,1,1,1,4,4,3,0.75,7.5,2.5,0,0,0,1,0,0,1,0,0,0,1,1,1,0,1,0,1,0,0,1,1,1,1,0,0,0,0,1,0,0,0,0,1,0,0,1,0,0,1,0,0,0,9,3,3.0,0,6.0,8.0,6.0,7.0,5.0,5.0,6.166666666666668,2.0,1.0,9.0,11.0,7.0,7.0,8.5,2.0,-4.0,2.0
0,49,1.0,48.0,0,183.0,0,92.0,27.47170712771357,0,0,1,0,0,1,0,0,0,0,0,20,1,1,0,0,0,1,0,1,1,1,0,0,1,1,2,2,2,1.0,3.0,1.5,0,0,0,0,0,1,1,0,0,1,0,0,1,0,1,0,1,0,0,1,1,1,1,0,0,0,1,0,0,0,0,1,0,1,0,0,1,0,1,0,0,0,6,3,1.0,1,3.0,4.0,2.0,3.0,2.0,2.0,2.6666666666666665,1.0,1.0,1.0,3.0,1.0,3.0,2.0,2.0,0.0,0.0
1,27,5.0,22.0,0,162.0,1,70.0,26.672763298277697,0,0,1,0,0,1,0,0,0,0,0,2,0,0,0,1,1,0,0,1,1,1,1,0,0,1,2,2,2,1.0,3.0,1.5,0,0,0,0,1,0,1,1,1,1,1,1,1,0,1,0,1,0,1,1,0,0,0,1,1,0,1,1,0,0,0,0,1,0,0,1,0,0,1,0,0,0,5,3,1.0,1,3.0,4.0,3.0,4.0,2.0,2.0,3.0,1.0,1.0,7.0,9.0,6.0,5.0,6.75,2.0,-4.0,1.0
0,56,3.0,53.0,0,178.0,-1,75.0,23.67125362959223,0,0,1,0,0,0,0,0,0,0,1,1,1,1,0,0,1,0,0,1,1,1,1,0,0,0,3,3,3,1.0,4.5,1.5,0,0,0,0,1,0,1,1,1,0,1,0,1,0,0,1,1,1,1,0,0,0,1,0,1,0,1,1,0,0,0,0,1,0,0,1,0,0,0,0,0,1,6,5,2.0,1,2.0,4.0,1.0,2.0,1.0,2.0,2.0,2.0,1.0,0.0,0.0,0.0,0.0,0.0,0.0,0.0,0.0
1,24,3.0,21.0,0,161.0,0,55.0,21.218317194552675,0,0,1,0,0,0,0,0,1,0,0,20,2,0,0,1,0,0,1,0,1,1,1,0,1,0,3,2,1,0.5,1.5,1.5,0,0,0,0,1,0,1,0,0,0,1,0,0,0,0,1,1,1,0,1,0,1,1,0,0,0,1,1,0,0,0,0,0,1,0,0,1,0,1,0,0,0,4,3,2.5,1,4.0,5.0,2.0,4.0,3.0,3.0,3.5,1.0,2.0,7.0,7.0,3.0,6.0,5.75,0.0,-1.0,4.0
0,25,5.0,20.0,0,178.0,0,65.0,20.515086478979928,0,0,1,0,0,1,0,0,0,0,0,6,2,0,1,0,1,0,0,0,1,0,0,0,1,1,4,2,0,0.0,0.0,0.0,1,0,0,0,0,0,1,0,0,0,1,1,0,0,1,0,1,0,1,0,0,0,1,0,1,1,2,0,0,1,0,0,1,0,0,1,0,0,0,0,1,0,5,3,2.0,1,6.0,7.0,5.0,6.0,5.0,6.0,5.833333333333332,1.0,1.0,12.0,14.0,10.0,13.0,12.25,2.0,-1.0,2.0
1,26,8.0,18.0,0,158.0,0,51.0,20.429418362441915,0,0,1,0,0,0,0,0,1,0,0,2,2,0,1,0,1,0,0,0,1,1,1,0,1,1,4,2,0,0.0,0.0,0.5,0,0,0,0,1,0,1,0,0,0,1,1,0,0,1,0,1,0,0,1,1,0,1,0,0,1,2,1,0,0,0,0,0,1,0,0,1,0,0,1,0,0,4,5,2.0,2,3.0,5.0,2.0,5.0,2.0,3.0,3.333333333333333,2.0,3.0,10.0,15.0,8.0,11.0,11.0,5.0,-4.0,2.0
1,27,1.0,26.0,0,157.0,0,51.5,20.893342529108686,0,0,1,0,0,1,0,0,0,0,0,0,3,0,0,1,0,0,1,0,1,1,1,0,1,1,2,1,1,1.0,1.5,1.5,0,0,1,0,0,0,1,0,0,0,1,1,1,0,0,1,1,1,0,1,0,0,1,0,1,0,2,1,0,0,0,0,1,0,0,1,0,0,1,0,0,0,3,2,3.0,0,2.0,4.0,0.0,0.0,2.0,1.0,1.5,2.0,0.0,0.0,0.0,0.0,0.0,0.0,0.0,0.0,0.0
0,45,20.0,25.0,0,170.0,0,70.0,24.22145328719723,0,0,1,0,0,1,0,0,0,0,0,2,1,0,1,0,1,0,0,0,0,0,0,0,0,0,1,0,2,inf,8.0,4.0,0,0,0,0,0,1,0,1,0,0,0,0,0,0,1,0,1,0,1,0,1,1,1,0,0,0,2,1,0,0,0,0,0,1,0,0,1,0,1,0,0,0,5,2,2.0,2,3.0,3.0,3.0,3.0,3.0,3.0,3.0,0.0,0.0,0.0,0.0,0.0,0.0,0.0,0.0,0.0,0.0
1,25,6.0,19.0,0,164.0,0,52.0,19.33372992266508,1,0,0,1,0,0,0,0,0,0,1,20,1,1,0,0,1,0,0,0,1,0,1,0,1,1,2,2,2,1.0,3.0,1.5,0,0,0,0,0,1,1,0,1,1,1,0,0,0,0,1,0,1,1,1,0,1,1,0,0,0,0,1,0,0,0,0,0,0,1,0,1,0,0,0,0,1,5,1,2.0,0,0.0,1.0,0.0,0.0,0.0,0.0,0.16666666666666666,1.0,0.0,0.0,0.0,0.0,0.0,0.0,0.0,0.0,0.0
0,45,23.0,22.0,0,179.0,2,74.0,23.095409007209515,0,1,0,0,0,1,0,0,0,0,0,3,2,0,1,0,1,0,0,0,0,0,0,0,0,0,3,0,0,0.0,0.0,0.0,0,0,0,0,0,1,0,0,0,0,0,0,0,1,0,0,0,0,1,1,1,1,1,0,0,0,2,0,1,1,0,0,1,0,0,0,1,0,1,0,0,0,5,3,1.0,0,0.0,0.0,0.0,0.0,0.0,0.0,0.0,0.0,0.0,10.0,12.0,8.0,11.0,10.25,2.0,-1.0,2.0
0,26,3.0,23.0,0,174.0,0,64.0,21.13885585942661,0,1,0,0,0,0,1,0,0,0,0,2,2,0,1,0,1,0,0,0,1,1,0,0,1,0,3,1,1,1.0,0.5,0.5,0,0,0,1,0,0,1,0,0,0,1,0,1,0,1,0,0,0,1,1,0,1,1,0,1,0,2,0,0,0,0,1,1,0,0,1,0,0,1,0,0,0,6,2,2.0,2,2.0,6.0,4.0,4.0,2.0,2.0,3.333333333333333,4.0,0.0,6.0,8.0,5.0,7.0,6.5,2.0,-1.0,1.0
0,19,2.0,17.0,1,163.0,3,57.0,21.453573713726524,0,1,0,0,0,1,0,0,0,0,0,12,2,0,0,1,0,0,1,0,1,1,0,0,0,0,3,6,3,0.5,4.5,1.5,0,0,0,1,0,0,0,0,0,0,1,0,0,0,1,0,1,1,0,1,0,1,1,0,0,0,2,0,1,1,0,0,1,0,0,1,0,0,1,0,0,0,13,2,2.0,2,6.0,7.0,4.0,4.0,5.0,6.0,5.333333333333333,1.0,0.0,6.0,10.0,4.0,8.0,7.0,4.0,-2.0,2.0
1,21,10.0,11.0,0,171.0,0,61.0,20.86111966075032,0,0,1,0,0,0,0,0,0,0,1,1,1,1,0,0,1,0,0,1,1,1,0,0,0,1,1,1,1,1.0,2.5,2.5,0,0,0,0,0,1,1,1,1,1,1,1,0,0,0,1,1,1,0,1,0,0,1,1,0,0,2,1,0,0,0,0,0,1,0,0,1,0,0,0,0,1,12,1,1.0,1,2.0,5.0,1.0,3.0,3.0,3.0,2.833333333333333,3.0,2.0,0.0,0.0,0.0,0.0,0.0,0.0,0.0,0.0
1,19,1.0,18.0,0,173.0,0,60.0,20.047445621303748,1,0,0,1,0,0,0,0,0,0,1,0,0,1,0,0,1,0,0,1,1,1,1,0,0,1,2,2,0,0.0,0.0,1.5,0,0,0,0,0,1,1,1,1,1,1,1,1,0,0,1,1,0,1,1,0,0,1,1,0,0,2,0,0,1,0,0,0,1,0,0,1,0,1,0,0,0,20,2,3.0,2,3.0,5.0,0.0,0.0,3.0,3.0,2.333333333333333,2.0,0.0,0.0,0.0,0.0,0.0,0.0,0.0,0.0,0.0
1,27,5.0,22.0,0,155.0,1,52.5,21.8522372528616,0,1,0,0,0,0,0,0,1,0,0,6,2,1,0,0,0,1,0,0,1,0,1,0,1,1,3,3,0,0.0,0.0,0.0,1,0,0,0,0,0,0,0,0,0,0,0,0,0,0,1,1,1,0,1,0,0,1,0,1,0,2,0,1,1,0,0,1,0,0,1,0,0,0,0,1,0,4,2,2.0,1,5.0,7.0,3.0,4.0,3.0,5.0,4.5,2.0,1.0,3.0,6.0,2.0,8.0,4.75,3.0,2.0,1.0
1,24,2.0,22.0,0,170.0,0,60.0,20.76124567474049,1,0,0,1,0,1,0,0,0,0,0,0,2,0,1,0,1,0,0,1,1,0,0,0,0,0,2,0,0,0.0,0.0,0.0,1,0,0,0,0,0,1,1,0,0,1,0,1,0,0,1,0,0,1,1,1,0,1,1,0,0,3,1,0,0,0,0,1,0,0,1,0,0,1,0,0,0,7,2,2.5,2,4.0,4.0,4.0,7.0,3.0,7.0,4.833333333333333,0.0,3.0,9.0,10.0,6.0,12.0,9.25,1.0,2.0,3.0
0,26,2.0,24.0,0,193.0,0,75.0,20.13476871862332,0,0,1,0,0,0,0,0,0,0,1,1,1,0,1,0,0,0,1,0,1,1,1,0,1,1,3,2,2,1.0,1.0,0.5,0,0,0,0,1,0,1,1,1,1,1,1,1,0,1,0,1,0,1,1,1,0,0,0,1,0,2,1,0,0,0,0,0,1,0,0,1,0,1,0,0,0,6,1,1.0,0,4.0,5.0,2.0,4.0,1.0,2.0,3.0,1.0,2.0,3.0,3.0,0.0,5.0,2.75,0.0,2.0,3.0
0,22,4.0,18.0,0,170.0,7,63.0,21.799307958477513,1,0,0,1,0,1,0,0,0,0,0,2,0,0,0,1,0,0,1,0,1,0,1,0,0,1,4,3,4,1.3333333333333333,2.0,0.5,0,0,0,0,1,0,1,1,0,0,1,0,0,0,0,1,1,0,1,1,1,0,0,0,0,1,2,1,0,0,0,0,1,0,0,1,0,0,1,0,0,0,5,5,2.5,2,4.0,6.0,2.0,5.0,2.0,3.0,3.6666666666666665,2.0,3.0,0.0,0.0,0.0,0.0,0.0,0.0,0.0,0.0
0,25,5.0,20.0,0,170.0,0,61.0,21.107266435986162,0,0,1,0,0,1,0,0,0,0,0,20,3,0,0,1,0,0,1,0,1,1,0,1,0,0,5,3,3,1.0,7.5,2.5,0,0,0,1,0,0,1,0,0,0,1,1,0,0,1,0,1,0,1,1,0,0,0,1,0,1,3,1,0,0,0,0,1,0,0,1,0,0,1,0,0,0,5,3,2.0,1,5.0,8.0,4.0,7.0,4.0,6.0,5.666666666666668,3.0,3.0,10.0,12.0,10.0,13.0,11.25,2.0,1.0,0.0
1,24,4.0,20.0,0,158.0,0,50.0,20.028841531805803,0,0,1,0,0,1,0,0,0,0,0,0,2,0,1,0,1,0,0,1,1,0,0,0,0,1,4,3,3,1.0,4.5,1.5,0,0,0,1,0,0,1,0,1,0,1,0,1,0,1,0,1,0,1,0,0,1,1,0,1,0,2,0,0,0,0,1,1,0,0,1,0,0,1,0,0,0,4,3,2.0,1,5.0,7.0,2.0,3.0,1.0,3.0,3.5,2.0,1.0,12.0,15.0,10.0,12.0,12.25,3.0,-3.0,2.0
0,41,20.0,21.0,0,185.0,-2,77.0,22.498173849525198,0,0,1,0,0,0,0,1,0,0,0,2,0,0,1,0,1,0,0,1,1,0,1,0,1,1,4,0,0,0.0,0.0,1.5,0,0,0,0,1,0,0,0,0,0,1,0,0,1,0,0,1,0,0,1,1,0,1,0,0,1,2,1,0,0,0,0,1,0,0,1,0,0,1,0,0,0,6,3,2.0,1,5.0,6.0,6.0,8.0,4.0,6.0,5.833333333333332,1.0,2.0,12.0,16.0,10.0,16.0,13.5,4.0,0.0,2.0
1,27,7.0,20.0,0,162.0,-5,54.0,20.576131687242796,0,1,0,0,0,0,0,1,0,0,0,12,1,0,1,0,1,0,0,1,1,1,1,0,1,1,1,0,0,0.0,0.0,0.0,1,0,0,0,0,0,0,0,0,0,0,0,0,1,0,0,1,0,0,0,1,1,1,1,0,0,0,0,0,1,0,0,0,1,0,0,1,0,0,0,0,1,3,2,1.0,1,0.0,0.0,2.0,5.0,0.0,0.0,1.1666666666666667,0.0,3.0,5.0,9.0,4.0,7.0,6.25,4.0,-2.0,1.0
1,20,2.0,18.0,0,163.0,0,52.0,19.571681282697877,1,0,0,1,0,0,0,0,0,0,1,0,1,0,0,1,1,0,0,1,1,0,0,0,0,1,1,1,1,1.0,1.5,1.5,0,0,0,0,0,1,1,1,1,1,1,0,0,0,1,0,1,0,1,1,0,0,1,0,0,1,1,1,0,0,0,0,0,1,0,0,1,0,1,0,0,0,10,3,2.0,0,5.0,6.0,3.0,5.0,2.0,3.0,4.0,1.0,2.0,5.0,9.0,5.0,7.0,6.5,4.0,-2.0,0.0
1,31,2.0,29.0,0,166.0,-3,56.0,20.322252866889247,1,0,0,1,0,1,0,0,0,0,0,3,2,0,0,1,1,0,0,0,1,1,1,0,1,1,5,3,3,1.0,4.5,1.5,0,0,0,1,0,0,1,1,1,0,1,1,1,0,1,0,0,1,1,1,0,1,1,0,0,0,3,0,1,1,0,0,0,1,0,0,1,0,1,0,0,0,5,2,2.5,1,3.0,4.0,2.0,4.0,2.0,3.0,3.0,1.0,2.0,8.0,10.0,5.0,11.0,8.5,2.0,1.0,3.0
0,19,6.0,13.0,1,168.0,2,60.0,21.258503401360546,1,0,0,1,0,0,0,0,1,0,0,20,3,0,1,0,1,0,0,1,0,0,0,0,0,1,3,2,2,1.0,5.0,2.5,0,0,0,1,0,0,1,0,0,0,1,1,0,0,1,0,1,0,1,1,1,0,0,0,1,0,2,1,0,0,0,0,1,0,0,1,0,0,0,0,1,0,3,2,3.0,2,5.0,6.0,4.0,5.0,4.0,5.0,4.833333333333333,1.0,1.0,8.0,11.0,6.0,9.0,8.5,3.0,-2.0,2.0
0,27,4.0,23.0,0,188.0,0,72.0,20.37120869171571,0,0,0,0,1,0,0,1,0,0,0,12,2,0,1,0,0,0,1,0,1,1,1,0,1,0,1,1,0,0.0,0.0,0.0,0,0,0,0,0,1,1,1,1,0,1,0,0,0,1,0,1,1,0,1,0,1,1,0,0,0,1,0,0,1,0,0,0,1,0,0,1,0,0,0,1,0,10,3,2.0,0,3.0,4.0,2.0,3.0,2.0,3.0,2.833333333333333,1.0,1.0,0.0,3.0,0.0,1.0,1.0,3.0,-2.0,0.0
0,39,5.0,34.0,0,172.0,0,82.0,27.717685235262305,0,0,1,0,0,0,0,0,0,0,1,2,1,0,1,0,1,0,0,1,1,0,1,0,1,0,2,1,0,0.0,0.0,0.0,1,0,0,0,0,0,0,0,0,0,0,0,0,0,1,0,1,1,0,1,1,0,0,0,1,0,1,1,0,0,0,0,0,0,1,0,1,0,1,0,0,0,6,3,2.0,1,2.0,4.0,2.0,3.0,1.0,2.0,2.333333333333333,2.0,1.0,2.0,7.0,2.0,4.0,3.75,5.0,-3.0,0.0
0,31,1.0,30.0,0,183.0,7,80.0,23.888440980620494,0,0,1,0,0,0,0,0,1,0,0,1,1,0,0,1,0,0,1,0,1,0,0,0,0,1,3,2,1,0.5,1.5,1.5,0,0,0,0,1,0,1,0,0,0,1,1,0,0,1,0,1,0,1,1,0,0,1,0,0,1,2,1,0,0,0,0,0,1,0,0,1,0,1,0,0,0,2,2,2.0,2,2.0,4.0,0.0,0.0,2.0,3.0,1.8333333333333333,2.0,0.0,4.0,7.0,1.0,6.0,4.5,3.0,-1.0,3.0
0,20,1.5,18.5,0,183.0,0,63.5,18.961450028367523,1,0,0,0,0,1,0,0,0,0,0,6,1,0,0,1,1,0,0,0,1,1,1,0,1,1,3,2,2,1.0,5.0,2.5,0,0,0,0,0,1,1,1,1,1,1,1,1,0,1,0,0,1,1,1,0,1,1,0,0,0,1,1,0,0,0,0,0,1,0,0,1,0,1,0,0,0,5,2,2.0,0,5.0,6.0,0.0,0.0,3.0,4.0,3.0,1.0,0.0,4.0,4.0,1.0,2.0,2.75,0.0,-2.0,3.0
0,22,2.0,20.0,0,182.0,0,76.0,22.94408887815481,1,0,0,0,0,1,0,0,0,0,0,20,2,0,1,0,0,0,1,0,1,1,1,0,1,1,3,2,2,1.0,5.0,2.5,0,0,1,0,0,0,1,0,0,0,1,1,1,0,1,0,1,1,0,0,1,1,1,0,0,0,3,0,0,0,0,1,1,0,0,1,0,0,1,0,0,0,5,2,2.0,1,4.0,5.0,3.0,4.0,3.0,4.0,3.8333333333333335,1.0,1.0,4.0,6.0,3.0,7.0,5.0,2.0,1.0,1.0
1,24,3.0,21.0,0,162.0,1,54.0,20.576131687242796,1,0,0,0,0,1,0,0,0,0,0,3,2,0,0,1,1,0,0,0,1,1,1,0,1,1,5,3,3,1.0,7.5,2.5,0,1,0,0,0,0,1,0,0,0,1,0,0,0,1,0,1,1,0,1,1,0,1,0,0,0,2,1,0,0,0,0,0,1,0,0,1,0,1,0,0,0,4,2,1.0,2,4.0,5.0,3.0,4.0,3.0,4.0,3.8333333333333335,1.0,1.0,8.0,12.0,7.0,12.0,9.75,4.0,0.0,1.0
0,28,6.0,22.0,0,170.0,0,65.0,22.49134948096886,0,0,1,0,0,0,1,0,0,0,0,1,1,1,0,0,0,0,1,1,1,0,0,1,1,1,2,2,1,0.5,2.5,2.5,0,0,0,0,1,0,1,0,0,0,1,1,1,0,0,1,1,1,0,0,0,1,1,0,0,1,2,1,0,0,0,0,0,1,0,0,1,0,1,0,0,0,4,3,2.0,0,6.0,7.0,0.0,0.0,4.0,5.0,3.6666666666666665,1.0,0.0,8.0,10.0,7.0,13.0,9.5,2.0,3.0,1.0
1,29,1.5,27.5,0,158.0,0,54.7,21.911552635795545,1,0,0,1,0,1,0,0,0,0,0,2,3,0,1,0,0,1,0,1,1,1,0,0,1,0,1,0,1,inf,1.5,1.5,0,0,0,0,0,1,0,0,0,0,0,0,0,1,0,0,0,1,1,1,0,1,0,0,1,0,2,1,0,0,0,0,0,1,0,0,1,0,0,0,0,1,1,2,2.0,0,1.0,2.0,1.0,2.0,0.0,0.0,1.0,1.0,1.0,2.0,2.0,2.0,5.0,2.75,0.0,3.0,0.0
0,23,5.0,18.0,0,165.0,0,60.0,22.03856749311295,0,0,1,0,0,0,0,1,0,0,0,3,2,0,0,1,1,0,0,1,1,1,1,0,1,1,2,1,1,1.0,1.5,1.5,0,0,0,1,0,0,1,1,0,1,1,0,1,0,1,0,1,1,1,1,0,0,0,0,1,0,2,0,0,1,0,0,1,0,0,1,0,0,0,1,0,0,6,2,2.5,1,4.0,5.0,3.0,3.0,3.0,5.0,3.8333333333333335,1.0,0.0,9.0,12.0,6.0,9.0,9.0,3.0,-3.0,3.0
1,27,6.0,21.0,0,158.0,0,56.0,22.43230251562249,0,0,1,0,0,0,0,0,0,0,1,1,2,0,0,1,1,0,0,0,1,0,0,0,0,1,5,2,2,1.0,5.0,2.5,0,0,1,0,0,0,1,0,0,0,1,1,1,0,1,0,1,0,1,1,1,1,0,0,0,0,2,0,0,0,1,0,1,0,0,1,0,0,1,0,0,0,1,3,2.0,2,4.0,6.0,3.0,5.0,3.0,5.0,4.333333333333333,2.0,2.0,7.0,10.0,6.0,10.0,8.25,3.0,0.0,1.0
1,22,2.0,20.0,0,153.0,0,49.0,20.932120124738347,1,0,0,0,0,1,0,0,0,0,0,2,0,1,0,0,1,0,0,1,1,0,1,0,1,1,2,2,1,0.5,1.5,1.5,0,0,0,0,1,0,0,1,1,0,0,0,0,0,1,0,1,0,0,1,0,1,1,0,1,0,3,1,0,0,0,0,0,1,0,0,1,0,0,0,1,0,3,2,2.0,0,4.0,5.0,2.0,2.0,2.0,3.0,3.0,1.0,0.0,3.0,7.0,3.0,5.0,4.5,4.0,-2.0,0.0
0,52,30.0,22.0,0,165.0,4,63.0,23.140495867768603,0,1,0,0,0,1,0,0,0,0,0,1,2,0,0,1,1,0,0,1,1,0,0,0,0,0,3,3,3,1.0,4.5,1.5,0,0,0,1,0,0,1,1,0,0,1,0,0,0,1,0,1,1,1,0,0,0,0,0,1,1,2,0,1,1,0,0,0,1,0,0,1,0,1,0,0,0,6,3,2.0,1,3.0,3.0,2.0,3.0,3.0,2.0,2.6666666666666665,0.0,1.0,9.0,12.0,7.0,11.0,9.75,3.0,-1.0,2.0
0,25,3.0,22.0,0,171.0,0,67.0,22.91303307000445,1,0,0,1,0,1,0,0,0,0,0,6,2,0,1,0,1,0,0,1,1,0,0,0,1,1,3,1,3,3.0,7.5,2.5,0,0,0,0,0,1,1,0,0,0,1,0,1,0,1,0,1,1,0,1,0,0,1,0,1,0,1,1,0,0,0,0,0,1,0,0,1,0,1,0,0,0,5,3,1.0,1,4.0,5.0,4.0,5.0,4.0,4.0,4.333333333333333,1.0,1.0,0.0,0.0,0.0,0.0,0.0,0.0,0.0,0.0
0,24,1.0,23.0,0,185.0,0,75.0,21.913805697589478,1,0,0,0,0,1,0,0,0,0,0,1,1,0,0,1,1,0,0,0,1,1,1,0,1,1,4,3,4,1.3333333333333333,6.0,1.5,0,0,0,0,1,0,1,1,0,0,0,1,0,0,1,0,0,1,0,1,1,1,0,0,0,1,2,1,0,0,0,0,1,0,0,1,0,0,1,0,0,0,4,1,2.5,1,3.0,4.0,2.0,5.0,3.0,3.0,3.333333333333333,1.0,3.0,2.0,8.0,2.0,6.0,4.5,6.0,-2.0,0.0
0,29,2.0,27.0,0,169.0,0,64.0,22.40817898532965,0,0,1,0,0,0,0,0,0,0,1,2,1,0,0,1,1,0,0,0,1,1,0,0,0,1,3,1,1,1.0,1.5,1.5,0,0,0,1,0,0,1,1,0,0,1,1,1,0,1,0,0,1,1,0,1,1,1,0,0,0,2,1,0,0,0,0,0,1,0,0,1,0,0,0,1,0,8,3,3.0,1,4.0,5.0,4.0,5.0,3.0,5.0,4.333333333333333,1.0,1.0,7.0,9.0,6.0,9.0,7.75,2.0,0.0,1.0
0,17,3.0,14.0,0,182.0,-1,60.0,18.11375437749064,0,1,0,0,0,0,0,0,0,0,1,1,1,1,0,0,0,0,1,0,1,0,1,1,1,1,6,6,2,0.3333333333333333,3.0,1.5,0,0,0,1,0,0,1,0,0,0,1,1,1,0,1,0,1,1,0,0,1,0,1,0,0,1,3,1,0,0,0,0,1,0,0,1,0,0,1,0,0,0,7,5,2.0,1,6.0,8.0,5.0,8.0,4.0,7.0,6.333333333333332,2.0,3.0,12.0,14.0,10.0,15.0,12.75,2.0,1.0,2.0
0,30,1.0,29.0,0,184.0,0,60.0,17.72211720226843,0,0,1,0,0,0,0,0,0,0,1,6,2,0,0,1,0,1,0,0,1,1,1,1,1,1,3,3,1,0.3333333333333333,1.5,1.5,0,0,0,0,1,0,1,0,0,0,1,1,1,0,0,1,1,1,1,0,0,1,1,0,0,0,2,1,0,0,0,0,1,0,0,1,0,0,0,1,0,0,1,1,3.0,2,3.0,5.0,2.0,5.0,1.0,4.0,3.333333333333333,2.0,3.0,0.0,0.0,0.0,0.0,0.0,0.0,0.0,0.0
1,45,31.0,14.0,0,170.0,8,65.0,22.49134948096886,0,0,1,0,0,0,0,0,0,0,1,3,1,0,1,0,1,0,0,1,0,0,0,0,0,1,2,1,1,1.0,2.5,2.5,0,0,0,0,0,1,0,0,1,0,0,0,0,0,1,0,0,1,0,1,0,1,1,0,1,0,1,0,0,1,0,0,0,1,0,0,1,0,0,0,0,1,10,2,2.5,0,4.0,5.0,5.0,5.0,4.0,4.0,4.5,1.0,0.0,6.0,11.0,1.0,7.0,6.25,5.0,-4.0,5.0
0,25,2.0,23.0,0,178.0,0,73.0,23.04002019946976,0,0,1,0,0,0,0,0,0,0,1,2,2,0,0,1,0,1,0,0,1,1,0,0,1,1,4,2,2,1.0,5.0,2.5,0,0,0,1,0,0,1,0,0,0,1,0,1,0,1,0,1,1,1,0,1,0,1,0,0,0,1,1,0,0,0,0,1,0,0,1,0,0,1,0,0,0,6,3,3.0,1,3.0,4.0,2.0,3.0,1.0,2.0,2.5,1.0,1.0,2.0,7.0,2.0,4.0,3.75,5.0,-3.0,0.0
0,28,6.0,22.0,0,174.0,8,66.5,21.964592416435462,1,0,0,1,0,0,0,0,0,0,1,1,1,1,0,0,0,1,0,1,1,1,1,1,0,1,2,2,0,0.0,0.0,0.0,1,0,0,0,0,0,0,0,0,0,1,1,1,0,0,1,1,0,0,0,1,0,1,0,1,1,2,0,0,0,0,1,0,1,0,0,1,0,1,0,0,0,3,3,2.0,1,8.0,11.0,8.0,10.0,6.0,9.0,8.666666666666666,3.0,2.0,9.0,11.0,8.0,11.0,9.75,2.0,0.0,1.0
1,31,4.0,27.0,0,165.0,0,50.0,18.365472910927462,0,0,1,0,0,0,0,0,0,0,1,2,1,0,0,1,0,1,0,0,1,1,1,0,1,1,2,2,1,0.5,1.5,1.5,0,0,0,0,1,0,1,0,0,0,1,1,1,0,0,1,1,0,0,1,0,1,1,0,1,0,2,1,0,0,0,0,1,0,0,1,0,0,1,0,0,0,0,1,2.5,1,4.0,6.0,3.0,5.0,2.0,3.0,3.8333333333333335,2.0,2.0,0.0,0.0,0.0,0.0,0.0,0.0,0.0,0.0
0,22,2.0,20.0,0,173.0,0,62.0,20.715693808680545,1,0,0,1,0,0,0,0,0,0,1,0,1,0,0,1,0,1,0,1,1,0,1,0,0,0,4,3,3,1.0,4.5,1.5,0,0,0,0,1,0,1,0,0,0,1,0,1,0,1,0,1,1,1,0,1,0,0,0,1,0,1,0,0,0,1,0,0,1,0,1,0,0,1,0,0,0,3,2,2.0,2,4.0,5.0,0.0,0.0,3.0,4.0,2.6666666666666665,1.0,0.0,4.0,7.0,1.0,2.0,3.5,3.0,-5.0,3.0
0,28,10.0,18.0,0,162.0,0,42.0,16.00365797896662,0,0,1,0,0,1,0,0,0,0,0,3,3,0,1,0,1,0,0,0,1,0,0,0,1,1,6,4,2,0.5,3.0,1.5,0,0,0,1,0,0,1,1,1,1,1,1,1,0,1,0,1,0,1,1,1,0,1,0,0,0,1,0,0,1,0,0,0,1,0,0,1,0,1,0,0,0,5,3,2.0,2,5.0,7.0,4.0,5.0,3.0,4.0,4.666666666666667,2.0,1.0,6.0,9.0,5.0,12.0,8.0,3.0,3.0,1.0
0,42,1.0,41.0,0,183.0,0,83.0,24.78425751739377,0,0,1,0,0,0,0,0,0,0,1,0,0,1,0,0,0,1,0,1,1,0,0,0,0,0,1,1,0,0.0,0.0,0.0,1,0,0,0,0,0,0,0,0,0,0,0,0,0,0,1,1,1,0,0,0,1,1,0,1,0,1,0,0,0,1,0,1,0,0,1,0,0,1,0,0,0,0,1,2.5,0,0.0,0.0,0.0,0.0,0.0,0.0,0.0,0.0,0.0,0.0,0.0,0.0,0.0,0.0,0.0,0.0,0.0
0,35,1.0,34.0,0,177.0,-1,70.0,22.343515592581948,0,0,1,0,0,0,0,0,0,0,1,3,1,0,0,1,0,1,0,1,1,1,1,0,1,1,4,3,0,0.0,0.0,0.0,1,0,0,0,0,0,0,0,0,0,0,0,0,0,0,1,1,0,1,1,0,1,1,0,0,0,2,0,0,0,1,0,0,1,0,0,1,0,1,0,0,0,30,3,2.5,2,5.0,7.0,5.0,7.0,4.0,6.0,5.666666666666668,2.0,2.0,10.0,11.0,8.0,11.0,10.0,1.0,0.0,2.0
0,24,4.0,20.0,0,208.0,-6,108.0,24.96301775147929,0,0,1,0,0,0,0,0,0,0,1,1,2,0,0,1,1,0,0,1,0,0,0,0,1,1,2,1,0,0.0,0.0,0.0,1,0,0,0,0,0,0,0,0,0,0,0,0,0,0,1,1,0,0,1,0,1,1,0,1,0,1,1,0,0,0,0,0,1,0,0,1,0,1,0,0,0,4,5,2.5,0,3.0,5.0,0.0,3.0,1.0,1.0,2.1666666666666665,2.0,3.0,1.0,9.0,1.0,5.0,4.0,8.0,-4.0,0.0
0,37,2.0,35.0,0,179.0,0,85.0,26.528510346119038,1,0,0,1,0,0,0,1,0,0,0,1,1,0,0,1,0,0,1,1,1,1,1,0,0,1,1,1,1,1.0,2.5,2.5,0,0,0,1,0,0,1,1,1,1,0,0,1,0,1,0,1,1,0,0,0,1,1,0,1,0,2,1,0,0,0,0,1,0,0,1,0,0,1,0,0,0,5,5,2.5,2,6.0,7.0,5.0,6.0,5.0,5.0,5.666666666666668,1.0,1.0,5.0,7.0,4.0,8.0,6.0,2.0,1.0,1.0
0,30,8.0,22.0,0,178.0,0,60.0,18.937002903673783,0,0,1,0,0,0,0,0,1,0,0,2,1,0,1,0,1,0,0,1,1,1,1,0,0,0,2,1,0,0.0,0.0,0.0,1,0,0,0,0,0,1,0,0,0,0,0,0,0,1,0,0,0,1,0,0,1,1,1,1,0,1,1,0,0,0,0,0,0,1,0,1,0,0,0,0,1,4,2,2.0,0,2.0,3.0,1.0,2.0,3.0,2.0,2.1666666666666665,1.0,1.0,0.0,0.0,0.0,0.0,0.0,0.0,0.0,0.0
1,23,4.0,19.0,1,168.0,2,59.0,20.904195011337873,0,0,1,0,0,0,0,0,1,0,0,2,2,0,0,1,1,0,0,0,1,1,1,0,0,0,3,1,1,1.0,0.5,0.5,0,0,0,1,0,0,1,1,0,0,1,1,0,0,1,0,1,0,1,1,0,1,1,0,0,0,2,1,0,0,0,0,0,1,0,0,1,0,0,0,0,1,4,2,2.0,2,3.0,4.0,3.0,4.0,2.0,3.0,3.1666666666666665,1.0,1.0,4.0,8.0,3.0,6.0,5.25,4.0,-2.0,1.0
0,20,2.5,17.5,0,170.0,0,54.0,18.68512110726644,1,0,0,0,0,1,0,0,0,0,0,20,0,1,0,0,0,0,1,1,1,1,1,1,1,1,1,1,0,0.0,0.0,1.5,0,0,0,0,0,1,1,0,0,0,1,1,0,0,0,1,0,0,1,0,1,1,0,1,0,1,2,0,1,1,0,0,1,0,0,1,0,0,1,0,0,0,7,3,2.0,0,4.0,5.0,3.0,3.0,4.0,3.0,3.6666666666666665,1.0,0.0,0.0,0.0,0.0,0.0,0.0,0.0,0.0,0.0
0,35,6.0,29.0,0,175.0,0,55.0,17.959183673469386,0,0,0,0,1,0,0,0,0,0,1,12,1,0,1,0,1,0,0,1,1,0,1,0,1,1,1,1,1,1.0,2.5,2.5,0,0,0,0,0,1,1,1,1,1,1,1,0,0,1,0,1,1,1,1,0,0,1,0,0,0,0,0,0,1,0,0,0,1,0,0,1,0,0,0,1,0,10,5,1.0,0,4.0,5.0,3.0,3.0,2.0,2.0,3.1666666666666665,1.0,0.0,7.0,7.0,4.0,7.0,6.25,0.0,0.0,3.0
1,30,10.0,20.0,0,163.0,0,56.0,21.0771952275208,0,0,1,0,0,0,0,1,0,0,0,1,2,1,0,0,1,0,0,1,1,1,1,1,1,1,2,2,2,1.0,3.0,1.5,0,0,0,0,1,0,1,1,0,1,0,0,0,0,0,1,1,1,0,0,0,1,1,1,0,0,2,0,0,1,0,0,1,0,0,1,0,0,0,1,0,0,6,3,2.0,2,0.0,0.0,0.0,0.0,0.0,0.0,0.0,0.0,0.0,7.0,7.0,3.0,2.0,4.75,0.0,-5.0,4.0
1,35,10.0,25.0,0,179.0,0,58.0,18.101807059704754,0,0,1,0,0,0,0,1,0,0,0,3,1,0,0,1,0,0,1,1,1,0,1,0,1,1,3,2,2,1.0,8.0,4.0,0,0,0,0,1,0,1,1,0,0,1,0,0,0,0,1,1,0,0,1,1,1,1,0,0,0,2,0,0,1,0,0,0,1,0,0,1,0,1,0,0,0,12,3,2.0,1,5.0,6.0,3.0,5.0,3.0,4.0,4.333333333333333,1.0,2.0,9.0,11.0,6.0,7.0,8.25,2.0,-4.0,3.0
1,34,7.0,27.0,0,153.0,1,47.0,20.077747874749033,0,1,0,0,0,0,0,1,0,0,0,3,1,1,0,0,1,0,0,0,1,1,0,0,0,1,3,3,1,0.3333333333333333,1.5,1.5,0,0,0,0,0,1,1,1,0,0,1,0,1,0,1,0,1,1,1,0,1,0,1,0,0,0,2,1,0,0,0,0,0,1,0,0,1,0,1,0,0,0,5,2,2.0,1,4.0,5.0,3.0,4.0,3.0,3.0,3.6666666666666665,1.0,1.0,4.0,7.0,1.0,2.0,3.5,3.0,-5.0,3.0
0,25,1.0,24.0,0,188.0,0,72.0,20.37120869171571,0,0,1,0,0,0,0,0,0,0,1,1,1,1,0,0,1,0,0,0,1,1,0,0,0,1,2,2,0,0.0,0.0,0.0,1,0,0,0,0,0,0,0,0,0,0,0,0,0,0,1,1,0,1,0,1,1,1,0,0,0,3,0,0,1,0,0,0,1,0,0,1,0,0,0,0,1,10,2,2.0,1,4.0,5.0,2.0,3.0,2.0,3.0,3.1666666666666665,1.0,1.0,6.0,8.0,3.0,5.0,5.5,2.0,-3.0,3.0
0,17,1.0,16.0,0,184.0,0,72.0,21.26654064272212,1,0,0,1,0,0,0,0,0,0,1,1,1,0,0,1,0,0,1,1,1,0,1,0,1,0,2,1,0,0.0,0.0,0.0,1,0,0,0,0,0,1,0,0,0,1,0,0,0,1,0,1,1,0,0,1,1,0,0,0,1,2,0,0,0,1,0,0,1,0,0,1,0,1,0,0,0,3,5,2.0,0,1.0,3.0,0.0,1.0,0.0,2.0,1.1666666666666667,2.0,1.0,0.0,0.0,0.0,0.0,0.0,0.0,0.0,0.0
0,25,0.5,24.5,0,178.0,2,75.0,23.67125362959223,1,0,0,1,0,0,0,0,0,0,1,0,1,0,0,1,0,0,1,1,0,0,1,0,1,1,5,3,0,0.0,0.0,0.0,1,0,0,0,0,0,0,0,0,0,0,0,0,0,0,1,0,1,1,1,0,0,1,0,1,0,1,1,0,0,0,0,1,0,0,1,0,0,0,0,1,0,4,2,2.0,1,4.0,6.0,3.0,4.0,4.0,6.0,4.5,2.0,1.0,1.0,2.0,0.0,2.0,1.25,1.0,0.0,1.0
0,42,20.0,22.0,0,183.0,0,72.0,21.49959688255845,0,0,1,0,0,0,0,1,0,0,0,20,1,0,0,1,1,0,0,1,1,1,1,0,1,1,3,3,3,1.0,7.5,2.5,0,0,0,1,0,0,1,1,1,0,1,0,0,0,1,0,1,1,1,0,0,1,1,0,0,0,2,0,0,0,0,1,1,0,0,1,0,0,0,0,1,0,6,3,3.0,2,6.0,8.0,5.0,7.0,6.0,7.0,6.5,2.0,2.0,8.0,12.0,8.0,11.0,9.75,4.0,-1.0,0.0
0,45,15.0,30.0,0,177.0,0,71.0,22.662708672475983,0,0,1,0,0,0,0,1,0,0,0,1,1,0,0,1,0,0,1,1,1,0,0,0,0,0,1,1,0,0.0,0.0,0.0,1,0,0,0,0,0,1,1,0,1,0,0,0,0,0,1,1,0,1,1,0,0,1,0,1,0,1,1,0,0,0,0,0,1,0,1,0,0,1,0,0,0,4,1,1.0,0,0.0,0.0,0.0,0.0,0.0,0.0,0.0,0.0,0.0,7.0,8.0,4.0,6.0,6.25,1.0,-2.0,3.0
0,23,2.0,21.0,0,174.0,4,65.0,21.469150482230148,1,0,0,0,0,0,0,0,0,0,1,1,2,0,1,0,0,0,1,0,1,1,1,0,1,1,1,0,0,0.0,0.0,1.5,0,0,0,1,0,0,1,0,0,0,1,1,1,0,0,1,1,1,1,0,0,1,1,0,0,0,1,1,0,0,0,0,1,0,0,1,0,0,1,0,0,0,3,3,2.5,1,4.0,5.0,3.0,5.0,1.0,3.0,3.5,1.0,2.0,0.0,0.0,0.0,0.0,0.0,0.0,0.0,0.0
0,23,1.0,22.0,1,173.0,0,61.0,20.381569714992143,1,0,0,0,0,0,0,1,0,0,0,6,2,1,0,0,1,0,0,1,1,1,1,0,1,1,3,3,1,0.3333333333333333,2.5,2.5,0,0,0,0,1,0,1,1,0,0,1,0,1,0,1,0,1,0,1,1,0,0,1,0,0,1,2,0,1,1,0,0,1,0,0,1,0,0,1,0,0,0,6,2,2.0,0,3.0,5.0,3.0,4.0,2.0,4.0,3.5,2.0,1.0,6.0,8.0,4.0,7.0,6.25,2.0,-1.0,2.0
0,25,5.0,20.0,0,172.0,0,60.0,20.281233098972415,1,0,0,0,0,0,0,1,0,0,0,1,2,0,0,1,0,0,1,1,1,0,0,0,0,0,2,1,1,1.0,0.5,0.5,0,0,0,0,1,0,1,1,1,1,1,1,1,0,1,0,0,1,1,0,1,0,0,0,1,1,1,0,1,1,0,0,1,0,0,1,0,0,1,0,0,0,5,3,3.0,0,7.0,8.0,6.0,7.0,5.0,6.0,6.5,1.0,1.0,0.0,0.0,0.0,0.0,0.0,0.0,0.0,0.0
0,42,10.0,32.0,1,180.0,9,77.0,23.76543209876543,1,0,0,1,0,0,0,1,0,0,0,0,1,1,0,0,1,0,0,0,1,1,0,0,0,0,2,2,1,0.5,2.5,2.5,0,0,0,0,0,1,1,1,0,0,1,0,1,0,1,0,1,1,1,0,1,0,1,0,0,0,2,1,0,0,0,0,0,1,0,0,1,0,0,0,1,0,12,2,2.5,0,6.0,7.0,6.0,7.0,5.0,5.0,6.0,1.0,1.0,6.0,8.0,3.0,7.0,6.0,2.0,-1.0,3.0
0,58,12.0,46.0,0,175.0,0,70.0,22.857142857142854,0,0,1,0,0,0,0,0,0,0,1,1,1,0,1,0,1,0,0,0,1,0,0,0,0,0,1,0,0,0.0,0.0,0.0,0,0,0,0,0,1,0,0,1,0,0,0,0,0,1,0,1,0,1,1,0,1,1,0,0,0,1,1,0,0,0,0,0,0,1,0,0,1,0,0,0,1,4,3,2.0,2,3.0,4.0,2.0,4.0,1.0,0.0,2.333333333333333,1.0,2.0,5.0,8.0,3.0,4.0,5.0,3.0,-4.0,2.0
1,21,3.0,18.0,1,170.0,-10,56.0,19.377162629757787,1,0,0,1,0,0,0,1,0,0,0,12,1,0,0,1,0,1,0,1,1,1,1,0,1,1,2,2,2,1.0,5.0,2.5,0,0,0,0,1,0,1,0,0,0,1,0,1,0,1,0,0,0,1,0,1,0,1,0,1,1,2,1,0,0,0,0,1,0,0,1,0,0,1,0,0,0,5,3,2.5,1,5.0,6.0,5.0,6.0,4.0,4.0,5.0,1.0,1.0,4.0,7.0,0.0,3.0,3.5,3.0,-4.0,4.0
0,23,3.0,20.0,0,170.0,0,70.0,24.22145328719723,1,0,0,0,0,0,0,1,0,0,0,0,0,1,0,0,0,0,1,0,1,1,1,0,0,0,1,1,1,1.0,1.5,1.5,0,0,0,0,1,0,1,1,0,0,0,0,0,0,0,1,0,1,1,1,0,1,1,0,0,0,2,1,0,0,0,0,0,1,0,1,0,0,0,0,1,0,6,3,2.0,1,3.0,6.0,4.0,5.0,3.0,4.0,4.166666666666667,3.0,1.0,4.0,8.0,2.0,5.0,4.75,4.0,-3.0,2.0
0,38,12.0,26.0,0,182.0,0,70.0,21.132713440405745,0,0,1,0,0,1,0,0,0,0,0,20,1,0,1,0,1,0,0,1,1,0,0,0,1,1,3,1,0,0.0,0.0,0.0,1,0,0,0,0,0,1,0,0,0,0,0,0,0,0,1,1,0,1,1,1,0,0,0,0,1,3,1,0,0,0,0,1,0,0,1,0,0,0,0,1,0,6,5,2.0,2,5.0,7.0,5.0,7.0,3.0,5.0,5.333333333333333,2.0,2.0,0.0,0.0,0.0,0.0,0.0,0.0,0.0,0.0
0,21,2.0,19.0,0,181.0,0,72.0,21.97735111870822,1,0,0,0,0,1,0,0,0,0,0,2,1,0,1,0,1,0,0,0,1,1,1,0,1,1,4,2,2,1.0,5.0,2.5,0,1,0,0,0,0,1,1,0,0,1,0,1,0,1,0,1,1,1,1,0,0,0,0,1,0,1,1,0,0,0,0,0,1,0,0,1,0,1,0,0,0,3,5,2.5,2,2.0,4.0,3.0,6.0,2.0,7.0,4.0,2.0,3.0,0.0,0.0,0.0,0.0,0.0,0.0,0.0,0.0
0,23,1.0,22.0,0,178.0,0,66.0,20.83070319404116,1,0,0,1,0,0,0,1,0,0,0,1,0,1,0,0,0,1,0,1,1,0,0,0,1,0,2,2,1,0.5,4.0,4.0,0,0,0,1,0,0,1,0,0,0,1,1,1,0,0,1,1,0,0,1,1,0,0,0,1,1,2,1,0,0,0,0,1,0,0,1,0,0,1,0,0,0,5,3,4.0,0,4.0,10.0,3.0,10.0,2.0,3.0,5.333333333333333,6.0,7.0,5.0,9.0,1.0,5.0,5.0,4.0,-4.0,4.0
0,35,15.0,20.0,1,180.0,0,90.0,27.777777777777768,0,0,1,0,0,0,0,1,0,0,0,3,2,1,0,0,0,0,1,1,1,1,0,0,1,1,2,2,2,1.0,8.0,4.0,0,0,0,0,0,1,1,1,0,0,1,0,0,0,1,0,0,1,1,1,1,0,0,0,0,1,2,1,0,0,0,0,0,1,0,0,1,0,1,0,0,0,6,3,2.0,1,11.0,12.0,9.0,10.0,9.0,8.0,9.833333333333334,1.0,1.0,0.0,0.0,0.0,0.0,0.0,0.0,0.0,0.0
1,22,7.0,15.0,0,165.0,1,53.0,19.467401285583104,0,0,0,0,1,0,0,1,0,0,0,1,1,1,0,0,1,0,0,0,1,1,1,0,0,1,1,1,0,0.0,0.0,0.0,1,0,0,0,0,0,1,1,1,1,1,1,0,0,0,1,1,1,0,1,0,1,0,0,1,0,2,0,0,1,0,0,0,1,0,0,1,0,0,0,0,1,4,3,3.0,0,4.0,5.0,0.0,0.0,3.0,3.0,2.5,1.0,0.0,0.0,1.0,0.0,1.0,0.5,1.0,0.0,0.0
1,20,3.0,17.0,0,170.0,2,62.0,21.453287197231838,1,0,0,0,0,0,0,0,0,0,1,3,1,0,0,1,1,0,0,0,1,1,1,0,0,1,2,1,0,0.0,0.0,0.0,1,0,0,0,0,0,0,0,0,0,0,0,0,0,0,1,0,1,1,1,1,0,1,0,0,0,1,1,0,0,0,0,0,1,0,0,1,0,1,0,0,0,8,3,2.0,0,1.0,1.0,0.0,0.0,0.0,1.0,0.5,0.0,0.0,4.0,7.0,4.0,5.0,5.0,3.0,-2.0,0.0
0,18,4.0,14.0,1,182.0,0,62.0,18.717546190073666,1,0,0,0,0,0,0,1,0,0,0,20,1,0,1,0,1,0,0,1,1,0,1,0,1,1,2,2,0,0.0,0.0,0.0,1,0,0,0,0,0,0,0,0,0,0,0,0,0,1,0,0,0,1,1,1,0,1,0,1,0,0,1,0,0,0,0,0,1,0,0,1,0,1,0,0,0,10,2,1.0,0,3.0,5.0,1.0,1.0,3.0,2.0,2.5,2.0,0.0,7.0,8.0,4.0,5.0,6.0,1.0,-3.0,3.0
1,25,5.0,20.0,0,173.0,-5,58.0,19.37919743392696,1,0,0,0,0,0,0,1,0,0,0,2,3,0,0,1,1,0,0,1,1,1,1,0,1,1,3,2,2,1.0,8.0,4.0,0,0,0,0,1,0,1,1,1,1,1,0,1,0,0,1,0,0,1,0,1,1,1,0,0,1,2,1,0,0,0,0,1,0,0,1,0,0,1,0,0,0,10,3,2.0,1,4.0,5.0,3.0,5.0,3.0,4.0,4.0,1.0,2.0,10.0,12.0,7.0,9.0,9.5,2.0,-3.0,3.0
1,34,3.0,31.0,1,158.0,1,47.0,18.82711103989745,0,0,1,0,0,0,0,0,0,0,1,1,2,0,0,1,1,0,0,0,1,1,1,0,1,1,4,3,3,1.0,12.0,4.0,0,0,0,1,0,0,1,0,0,0,1,1,1,0,1,0,1,0,1,0,1,0,1,0,0,1,2,1,0,0,0,0,0,1,0,0,1,0,0,0,1,0,5,3,2.5,1,3.0,5.0,0.0,2.0,3.0,4.0,2.833333333333333,2.0,2.0,5.0,6.0,3.0,8.0,5.5,1.0,2.0,2.0
1,26,3.0,23.0,0,166.0,-1,46.0,16.693279140659026,1,0,0,1,0,0,0,1,0,0,0,1,1,1,0,0,0,1,0,0,1,1,0,0,0,0,3,3,0,0.0,0.0,0.5,0,0,0,0,1,0,0,0,0,0,1,1,1,0,0,1,1,1,0,0,0,1,1,0,0,1,2,0,0,1,0,0,0,1,0,0,1,0,1,0,0,0,10,3,2.5,0,5.0,7.0,2.0,4.0,4.0,5.0,4.5,2.0,2.0,8.0,9.0,6.0,7.0,7.5,1.0,-2.0,2.0
1,25,2.0,23.0,0,173.0,5,74.0,24.72518293294129,1,0,0,0,0,0,0,1,0,0,0,2,3,0,0,1,1,0,0,1,1,1,1,0,1,1,4,3,3,1.0,7.5,2.5,0,0,0,1,0,0,1,1,1,1,1,1,1,0,1,0,1,0,0,1,1,1,0,0,1,0,1,0,0,0,1,0,0,1,0,0,1,0,1,0,0,0,8,3,4.0,1,4.0,5.0,2.0,2.0,2.0,3.0,3.0,1.0,0.0,7.0,8.0,3.0,7.0,6.25,1.0,-1.0,4.0
1,19,5.0,14.0,0,163.0,-2,51.0,19.195302796492157,1,0,0,0,0,0,0,1,0,0,0,0,1,1,0,0,0,1,0,1,1,0,1,1,0,1,3,3,2,0.6666666666666666,3.0,1.5,0,0,0,0,1,0,1,1,0,0,1,0,1,0,0,1,1,0,0,0,1,1,1,0,1,0,1,1,0,0,0,0,0,1,0,0,1,0,1,0,0,0,6,3,2.0,0,6.0,7.0,2.0,4.0,4.0,6.0,4.833333333333333,1.0,2.0,8.0,10.0,7.0,9.0,8.5,2.0,-1.0,1.0
0,31,9.0,22.0,1,175.0,0,80.0,26.12244897959184,0,0,1,0,0,0,0,0,0,0,1,1,2,0,1,0,1,0,0,0,1,1,1,0,1,1,2,1,1,1.0,1.5,1.5,0,0,0,0,0,1,0,1,1,0,0,0,0,0,1,0,0,1,0,1,0,1,1,0,1,0,2,1,0,0,0,0,0,1,0,0,1,0,1,0,0,0,5,5,2.0,1,2.0,5.0,2.0,4.0,1.0,3.0,2.833333333333333,3.0,2.0,5.0,7.0,3.0,7.0,5.5,2.0,0.0,2.0
1,19,8.0,11.0,0,157.0,0,60.0,24.341758286340212,0,1,0,0,0,0,0,1,0,0,0,1,1,0,0,1,0,0,1,0,1,0,1,0,1,0,2,2,0,0.0,0.0,2.5,0,0,0,0,0,1,1,1,0,0,0,0,1,0,0,1,0,0,1,1,1,0,1,0,1,0,2,0,1,1,0,0,0,1,0,0,1,0,1,0,0,0,5,3,2.5,0,4.0,6.0,1.0,3.0,3.0,4.0,3.5,2.0,2.0,7.0,10.0,3.0,11.0,7.75,3.0,1.0,4.0
1,32,12.0,20.0,0,166.0,0,62.0,22.49963710262738,0,0,1,0,0,0,0,1,0,0,0,1,0,0,0,1,0,0,1,1,1,0,1,0,1,1,2,1,1,1.0,0.5,0.5,0,0,0,0,1,0,1,1,0,0,1,0,1,0,0,1,1,1,0,1,0,1,1,0,0,0,1,0,1,1,0,0,0,1,0,0,1,0,1,0,0,0,8,3,1.0,0,5.0,6.0,4.0,4.0,3.0,4.0,4.333333333333333,1.0,0.0,7.0,9.0,4.0,7.0,6.75,2.0,-2.0,3.0
0,23,4.0,19.0,0,180.0,0,72.0,22.222222222222218,1,0,0,1,0,0,1,0,0,0,0,20,2,0,1,0,1,0,0,1,1,1,1,0,0,0,3,2,2,1.0,5.0,2.5,0,1,0,0,0,0,1,1,1,1,1,1,1,0,1,0,1,1,1,0,0,1,0,0,1,0,2,0,0,0,1,0,0,1,0,0,1,0,1,0,0,0,6,2,2.0,1,7.0,9.0,6.0,9.0,4.0,5.0,6.666666666666668,2.0,3.0,11.0,12.0,8.0,12.0,10.75,1.0,0.0,3.0
0,26,2.0,24.0,0,176.0,0,69.0,22.275309917355365,0,0,1,0,0,0,0,0,0,0,1,1,1,1,0,0,0,1,0,1,1,0,1,0,1,1,3,3,0,0.0,0.0,0.0,1,0,0,0,0,0,1,1,1,1,1,1,1,0,0,1,1,1,0,0,0,1,1,0,1,0,2,1,0,0,0,0,1,0,0,1,0,0,1,0,0,0,5,3,3.0,0,5.0,7.0,3.0,5.0,4.0,5.0,4.833333333333333,2.0,2.0,1.0,3.0,0.0,1.0,1.25,2.0,-2.0,1.0
1,25,1.0,24.0,0,171.0,0,54.0,18.467220683287167,1,0,0,0,0,0,0,1,0,0,0,1,0,1,0,0,0,1,0,1,1,1,0,0,0,1,0,0,0,0.0,0.0,2.5,1,0,0,0,0,0,0,0,0,0,0,0,0,0,0,1,0,1,1,0,1,1,0,1,0,0,2,1,0,0,0,0,1,0,0,1,0,0,0,1,0,0,10,3,2.0,0,3.0,5.0,1.0,2.0,1.0,2.0,2.333333333333333,2.0,1.0,0.0,0.0,0.0,0.0,0.0,0.0,0.0,0.0
1,20,6.0,14.0,0,157.0,0,63.0,25.558846200657225,1,0,0,0,0,0,0,1,0,0,0,1,2,1,0,0,1,0,0,1,1,0,1,0,1,1,3,3,0,0.0,0.0,0.0,1,0,0,0,0,0,0,0,0,0,0,0,0,0,0,1,0,0,1,1,0,1,1,0,1,0,2,1,0,0,0,0,0,1,0,0,1,0,1,0,0,0,8,2,2.5,1,5.0,5.0,3.0,4.0,4.0,5.0,4.333333333333333,0.0,1.0,11.0,11.0,7.0,10.0,9.75,0.0,-1.0,4.0
1,19,8.0,11.0,0,164.0,0,60.0,22.30814991076741,1,0,0,0,0,0,0,1,0,0,0,1,2,1,0,0,0,1,0,1,1,1,1,1,1,1,4,4,3,0.75,7.5,2.5,0,0,0,1,0,0,1,0,0,0,1,1,1,0,0,1,1,0,1,0,0,0,1,1,0,1,1,0,1,1,0,0,1,0,0,1,0,0,1,0,0,0,10,2,2.5,2,7.0,8.0,4.0,7.0,5.0,6.0,6.166666666666668,1.0,3.0,13.0,14.0,9.0,14.0,12.5,1.0,0.0,4.0
0,50,25.0,25.0,0,165.0,0,54.0,19.834710743801654,0,0,1,0,0,0,0,0,1,0,0,6,1,0,1,0,1,0,0,0,1,1,1,0,1,1,2,1,0,0.0,0.0,0.0,1,0,0,0,0,0,0,1,0,0,0,0,0,0,1,0,0,1,1,1,1,0,1,0,0,0,0,1,0,0,0,0,0,1,0,0,1,0,0,0,0,1,4,3,2.0,1,3.0,4.0,2.0,2.0,2.0,2.0,2.5,1.0,0.0,5.0,8.0,3.0,5.0,5.25,3.0,-3.0,2.0
0,25,4.0,21.0,0,170.0,13,55.0,19.031141868512112,0,0,1,0,0,1,0,0,0,0,0,3,1,0,0,1,0,0,1,1,1,0,0,0,1,0,2,2,1,0.5,1.5,1.5,0,0,0,0,1,0,1,1,0,0,0,0,0,0,1,0,1,1,0,0,0,1,0,0,1,1,2,1,0,0,0,0,0,1,0,0,1,0,0,0,0,1,3,2,4.0,1,4.0,5.0,0.0,0.0,3.0,4.0,2.6666666666666665,1.0,0.0,9.0,12.0,6.0,10.0,9.25,3.0,-2.0,3.0
0,20,5.0,15.0,0,175.0,0,66.0,21.551020408163268,1,0,0,0,0,0,0,1,0,0,0,0,2,1,0,0,1,0,0,0,1,1,1,0,0,1,3,3,2,0.6666666666666666,3.0,1.5,0,0,0,0,1,0,1,0,0,0,0,1,0,0,0,1,1,1,1,0,0,0,1,0,1,0,2,1,0,0,0,0,0,1,0,0,1,0,1,0,0,0,10,3,2.0,1,4.0,6.0,3.0,3.0,3.0,4.0,3.8333333333333335,2.0,0.0,1.0,8.0,1.0,4.0,3.5,7.0,-4.0,0.0
1,20,2.0,18.0,0,160.0,0,51.0,19.921875,1,0,0,0,0,0,0,0,1,0,0,2,2,1,0,0,0,0,1,0,1,1,1,0,1,1,2,2,0,0.0,0.0,2.5,1,0,0,0,0,0,1,1,1,1,1,1,0,0,0,1,1,0,1,1,0,0,1,0,1,0,2,1,0,0,0,0,0,1,0,0,1,0,1,0,0,0,4,2,2.0,2,3.0,5.0,2.0,3.0,2.0,4.0,3.1666666666666665,2.0,1.0,0.0,2.0,0.0,1.0,0.75,2.0,-1.0,0.0
1,20,1.0,19.0,0,162.0,0,51.0,19.433013260173748,1,0,0,0,0,0,0,1,0,0,0,20,1,1,0,0,0,1,0,0,1,1,1,0,1,1,2,2,0,0.0,0.0,0.0,1,0,0,0,0,0,1,1,1,1,1,0,1,0,0,1,0,1,1,0,0,1,1,0,1,0,2,0,0,0,1,0,1,0,0,1,0,0,1,0,0,0,4,2,2.0,1,4.0,4.0,3.0,3.0,3.0,3.0,3.333333333333333,0.0,0.0,0.0,0.0,0.0,0.0,0.0,0.0,0.0,0.0
1,20,2.0,18.0,0,169.0,0,57.0,19.95728440880922,1,0,0,0,0,0,0,1,0,0,0,20,0,1,0,0,0,1,0,1,1,0,1,0,0,1,1,7,7,1.0,10.5,1.5,0,0,0,0,0,1,1,0,0,0,0,0,1,0,0,1,0,1,1,1,0,0,1,0,1,0,1,0,1,1,0,0,1,0,0,1,0,0,1,0,0,0,10,5,2.0,1,6.0,6.0,0.0,0.0,4.0,5.0,3.5,0.0,0.0,1.0,3.0,1.0,1.0,1.5,2.0,-2.0,0.0
0,35,2.5,32.5,0,166.0,0,58.0,21.04804761213529,0,0,1,0,0,0,0,0,1,0,0,1,2,1,0,0,0,1,0,1,1,1,1,0,1,1,3,3,1,0.3333333333333333,0.5,0.5,0,0,0,0,1,0,0,0,0,0,1,1,1,0,0,1,1,0,1,1,1,0,0,0,1,0,2,1,0,0,0,0,1,0,0,1,0,0,1,0,0,0,6,5,2.5,1,4.0,5.0,3.0,4.0,3.0,5.0,4.0,1.0,1.0,2.0,7.0,1.0,8.0,4.5,5.0,1.0,1.0
0,18,7.0,11.0,0,181.0,2,65.0,19.840664204389366,1,0,0,0,0,1,0,0,0,0,0,2,3,0,0,1,0,0,1,0,1,1,1,0,0,1,2,2,0,0.0,0.0,2.5,0,0,0,0,0,1,1,1,0,1,0,0,0,0,1,0,1,1,0,0,1,1,1,0,0,0,1,1,0,0,0,0,0,0,1,0,1,0,1,0,0,0,7,1,2.5,0,5.0,6.0,3.0,3.0,4.0,5.0,4.333333333333333,1.0,0.0,6.0,6.0,4.0,6.0,5.5,0.0,0.0,2.0
1,26,0.7,25.3,0,161.0,0,43.0,16.58886617028664,1,0,0,1,0,0,0,1,0,0,0,20,1,0,0,1,0,0,1,1,1,0,0,0,1,1,4,2,1,0.5,0.5,0.5,0,0,0,0,1,0,1,0,0,0,1,0,0,0,1,0,0,1,0,1,0,1,1,1,0,0,3,0,0,0,1,0,1,0,0,1,0,0,1,0,0,0,4,2,3.0,0,4.0,6.0,1.0,1.0,4.0,4.0,3.333333333333333,2.0,0.0,7.0,8.0,4.0,8.0,6.75,1.0,0.0,3.0
0,19,4.0,15.0,1,183.0,0,64.0,19.1107527844964,1,0,0,0,0,0,0,1,0,0,0,1,1,0,0,1,0,0,1,1,1,0,0,0,1,1,4,3,0,0.0,0.0,0.5,0,0,0,0,1,0,0,0,0,0,0,0,0,0,1,0,1,0,1,1,1,0,0,0,0,1,2,0,1,1,0,0,1,0,0,0,1,0,1,0,0,0,7,3,2.0,1,6.0,7.0,5.0,7.0,5.0,7.0,6.166666666666668,1.0,2.0,0.0,0.0,0.0,0.0,0.0,0.0,0.0,0.0
0,21,1.0,20.0,0,161.0,0,70.0,27.005130974885226,1,0,0,0,0,0,0,1,0,0,0,0,0,1,0,0,1,0,0,0,1,1,1,0,1,1,1,1,0,0.0,0.0,0.0,0,0,0,0,0,1,1,1,1,1,0,0,1,0,0,1,1,1,1,0,1,0,0,0,0,1,1,1,0,0,0,0,1,0,0,1,0,0,1,0,0,0,10,1,2.0,0,5.0,5.0,0.0,0.0,0.0,0.0,1.6666666666666667,0.0,0.0,0.0,0.0,0.0,0.0,0.0,0.0,0.0,0.0
0,24,3.0,21.0,0,180.0,0,62.0,19.1358024691358,1,0,0,0,0,0,0,1,0,0,0,1,0,0,0,1,0,0,1,1,1,0,1,0,1,0,2,2,0,0.0,0.0,0.0,1,0,0,0,0,0,1,0,0,0,0,0,0,0,0,1,1,0,1,1,1,0,0,0,0,1,2,0,0,0,0,1,1,0,0,0,1,0,1,0,0,0,4,2,2.5,0,5.0,5.0,1.0,1.0,3.0,4.0,3.1666666666666665,0.0,0.0,1.0,2.0,1.0,1.0,1.25,1.0,-1.0,0.0
0,19,1.6,17.4,0,193.0,5,69.0,18.523987221133453,1,0,0,0,0,0,0,1,0,0,0,3,3,1,0,0,0,0,1,0,1,1,0,0,0,1,3,3,1,0.3333333333333333,4.0,4.0,0,0,0,1,0,0,1,1,0,1,1,1,1,0,1,0,1,1,0,0,1,1,1,0,0,0,2,1,0,0,0,0,1,0,0,1,0,0,0,1,0,0,5,3,2.5,2,5.0,8.0,0.0,0.0,3.0,5.0,3.5,3.0,0.0,6.0,9.0,4.0,7.0,6.5,3.0,-2.0,2.0
1,30,1.0,29.0,0,150.0,0,44.0,19.555555555555557,0,0,1,0,0,0,0,0,1,0,0,2,1,0,0,1,0,0,1,0,1,1,1,0,0,1,4,2,1,0.5,2.5,2.5,0,0,0,0,0,1,1,0,0,1,0,0,0,0,0,1,0,1,0,1,0,1,1,0,1,0,1,1,0,0,0,0,0,1,0,0,1,0,1,0,0,0,4,2,2.5,1,1.0,2.0,1.0,3.0,1.0,3.0,1.8333333333333333,1.0,2.0,2.0,2.0,0.0,4.0,2.0,0.0,2.0,2.0
1,15,5.0,10.0,0,164.0,0,52.0,19.33372992266508,1,0,0,0,0,0,0,0,1,0,0,2,1,0,0,1,1,0,0,1,0,0,0,0,1,0,3,2,2,1.0,3.0,1.5,0,0,0,0,1,0,1,1,1,1,1,0,0,0,1,0,1,0,0,0,1,1,1,0,0,1,1,1,0,0,0,0,1,0,0,1,0,0,1,0,0,0,25,5,1.0,2,6.0,7.0,5.0,7.0,5.0,7.0,6.166666666666668,1.0,2.0,11.0,12.0,8.0,10.0,10.25,1.0,-2.0,3.0
0,20,2.0,18.0,0,182.88,0,75.0,22.424813368145255,0,0,1,0,0,0,0,0,1,0,0,6,1,0,0,1,0,0,1,0,1,0,1,0,0,1,4,2,0,0.0,0.0,0.0,0,0,0,0,0,1,1,0,0,0,0,0,0,0,1,0,1,0,0,1,1,1,1,0,0,0,3,1,0,0,0,0,0,1,0,0,1,0,1,0,0,0,4,3,1.0,2,4.0,7.0,3.0,5.0,3.0,5.0,4.5,3.0,2.0,9.0,10.0,6.0,9.0,8.5,1.0,-1.0,3.0
0,21,5.0,16.0,0,167.0,0,60.0,21.513858510523864,1,0,0,0,0,0,0,0,1,0,0,12,0,1,0,0,0,1,0,1,1,1,0,0,0,1,1,1,1,1.0,0.0,0.0,1,0,0,0,0,0,1,1,1,0,1,0,1,0,0,1,1,0,0,1,1,0,1,0,0,1,2,1,0,0,0,0,0,1,0,0,1,0,0,1,0,0,4,3,2.0,0,2.0,2.0,0.0,0.0,2.0,2.0,1.3333333333333333,0.0,0.0,0.0,0.0,0.0,0.0,0.0,0.0,0.0,0.0
1,24,3.0,21.0,0,156.0,0,60.0,24.65483234714004,1,0,0,0,0,0,0,1,0,0,0,6,1,1,0,0,0,1,0,1,1,1,1,0,0,1,3,3,1,0.3333333333333333,1.5,1.5,0,0,0,0,1,0,1,0,0,0,1,0,1,0,0,1,1,1,0,1,0,1,1,0,0,0,1,0,0,1,0,0,1,0,0,1,0,0,0,1,0,0,5,1,2.0,1,3.0,4.0,3.0,3.0,2.0,3.0,3.0,1.0,0.0,1.0,3.0,1.0,3.0,2.0,2.0,0.0,0.0
1,20,1.0,19.0,0,177.0,0,62.0,19.789970953429727,1,0,0,0,0,1,0,0,0,0,0,1,1,0,0,1,1,0,0,1,1,0,1,0,1,1,3,3,1,0.3333333333333333,1.5,1.5,0,0,0,0,1,0,1,1,1,1,1,1,1,0,0,1,0,1,1,1,1,0,1,0,0,0,2,0,0,1,0,0,1,0,0,1,0,0,1,0,0,0,6,1,1.0,1,3.0,5.0,2.0,2.0,3.0,3.0,3.0,2.0,0.0,8.0,10.0,6.0,9.0,8.25,2.0,-1.0,2.0
1,21,1.5,19.5,0,165.0,0,68.0,24.977043158861342,1,0,0,1,0,0,0,0,0,0,1,1,0,0,0,1,0,0,1,1,1,1,1,0,1,1,2,2,2,1.0,0.0,0.0,0,0,0,0,0,1,1,1,1,1,0,0,0,0,1,0,1,0,0,1,1,1,1,0,0,0,2,1,0,0,0,0,1,0,0,1,0,0,0,0,0,1,4,1,2.0,2,4.0,5.0,2.0,4.0,3.0,4.0,3.6666666666666665,1.0,2.0,1.0,4.0,1.0,4.0,2.5,3.0,0.0,0.0
0,29,1.0,28.0,0,185.0,0,70.0,20.45288531775018,0,0,1,0,0,0,0,0,1,0,0,0,0,1,0,0,0,0,1,1,1,1,1,0,1,1,4,2,1,0.5,1.5,1.5,0,1,0,0,0,0,1,1,1,0,1,0,1,0,1,0,1,0,1,1,1,0,0,0,0,1,2,1,0,0,0,0,1,0,0,1,0,0,1,0,0,0,4,2,2.0,1,2.0,2.0,1.0,1.0,1.0,1.0,1.3333333333333333,0.0,0.0,0.0,0.0,0.0,0.0,0.0,0.0,0.0,0.0
0,33,5.0,28.0,0,190.0,2,80.0,22.1606648199446,1,0,0,0,0,0,0,0,0,0,1,20,1,0,0,1,0,0,1,0,1,1,0,0,1,1,2,1,0,0.0,0.0,0.0,1,0,0,0,0,0,0,0,0,0,0,0,0,0,0,1,1,0,1,0,0,1,1,0,1,0,0,1,0,0,0,0,1,0,0,1,0,0,1,0,0,0,30,5,2.0,1,7.0,8.0,6.0,7.0,3.0,4.0,5.833333333333332,1.0,1.0,4.0,6.0,2.0,3.0,3.75,2.0,-3.0,2.0
